student_id,course_id,major,year_of_study,gpa,motivation,course_category,course_difficulty,course_credits,success
1,113,CS,3,64,0.65,Computer Science,Medium,6,0.0
1,103,CS,3,64,0.65,Economics,Medium,4,0.0
1,111,CS,3,64,0.65,Computer Science,Medium,6,0.0
1,108,CS,3,64,0.65,Math,Hard,6,0.0
2,112,Physics,1,65,0.96,Math,Hard,6,0.0
2,117,Physics,1,65,0.96,Physics,Hard,6,0.0
2,123,Physics,1,65,0.96,Physics,Hard,6,0.0
2,118,Physics,1,65,0.96,Physics,Hard,6,0.0
2,119,Physics,1,65,0.96,Physics,Hard,6,0.0
3,101,Physics,2,71,0.64,Math,Hard,6,0.0
3,103,Physics,2,71,0.64,Economics,Medium,4,0.0
3,112,Physics,2,71,0.64,Math,Hard,6,0.0
4,101,Physics,2,70,0.61,Math,Hard,6,0.0
4,114,Physics,2,70,0.61,Physics,Hard,6,0.0
4,118,Physics,2,70,0.61,Physics,Hard,6,0.5
4,112,Physics,2,70,0.61,Math,Hard,6,0.0
4,108,Physics,2,70,0.61,Math,Hard,6,0.0
4,123,Physics,2,70,0.61,Physics,Hard,6,0.0
4,119,Physics,2,70,0.61,Physics,Hard,6,0.0
5,112,Physics,2,74,0.66,Math,Hard,6,0.0
5,114,Physics,2,74,0.66,Physics,Hard,6,0.0
5,117,Physics,2,74,0.66,Physics,Hard,6,0.0
5,101,Physics,2,74,0.66,Math,Hard,6,0.0
5,123,Physics,2,74,0.66,Physics,Hard,6,0.0
5,103,Physics,2,74,0.66,Economics,Medium,4,0.0
6,113,CS,2,72,0.81,Computer Science,Medium,6,0.0
6,103,CS,2,72,0.81,Economics,Medium,4,0.0
6,116,CS,2,72,0.81,Computer Science,Medium,6,0.0
7,114,Physics,4,67,0.54,Physics,Hard,6,0.0
7,123,Physics,4,67,0.54,Physics,Hard,6,0.0
7,101,Physics,4,67,0.54,Math,Hard,6,0.0
7,118,Physics,4,67,0.54,Physics,Hard,6,0.0
8,102,Math,3,88,0.25,Computer Science,Medium,6,0.5
8,117,Math,3,88,0.25,Physics,Hard,6,0.5
8,123,Math,3,88,0.25,Physics,Hard,6,0.0
8,103,Math,3,88,0.25,Economics,Medium,4,1.0
8,114,Math,3,88,0.25,Physics,Hard,6,0.5
8,116,Math,3,88,0.25,Computer Science,Medium,6,0.5
8,101,Math,3,88,0.25,Math,Hard,6,1.0
9,101,Physics,2,63,0.75,Math,Hard,6,0.0
9,112,Physics,2,63,0.75,Math,Hard,6,0.0
9,118,Physics,2,63,0.75,Physics,Hard,6,0.0
9,119,Physics,2,63,0.75,Physics,Hard,6,0.0
9,103,Physics,2,63,0.75,Economics,Medium,4,0.0
9,108,Physics,2,63,0.75,Math,Hard,6,0.0
9,117,Physics,2,63,0.75,Physics,Hard,6,0.0
10,122,History,3,100,0.53,History,Easy,4,1.0
10,124,History,3,100,0.53,Philosophy,Easy,4,1.0
10,109,History,3,100,0.53,Philosophy,Easy,4,1.0
10,104,History,3,100,0.53,History,Easy,4,1.0
10,105,History,3,100,0.53,History,Easy,4,1.0
11,110,History,2,74,0.45,History,Easy,4,0.5
11,122,History,2,74,0.45,History,Easy,4,0.5
11,120,History,2,74,0.45,Philosophy,Easy,4,0.0
11,104,History,2,74,0.45,History,Easy,4,0.0
11,121,History,2,74,0.45,History,Easy,4,0.0
11,124,History,2,74,0.45,Philosophy,Easy,4,0.0
12,108,Physics,2,69,0.71,Math,Hard,6,0.0
12,103,Physics,2,69,0.71,Economics,Medium,4,0.0
12,123,Physics,2,69,0.71,Physics,Hard,6,0.0
12,114,Physics,2,69,0.71,Physics,Hard,6,0.0
12,112,Physics,2,69,0.71,Math,Hard,6,0.0
12,118,Physics,2,69,0.71,Physics,Hard,6,0.0
13,112,Physics,4,85,0.18,Math,Hard,6,0.0
13,119,Physics,4,85,0.18,Physics,Hard,6,0.0
13,101,Physics,4,85,0.18,Math,Hard,6,0.0
13,118,Physics,4,85,0.18,Physics,Hard,6,0.0
13,123,Physics,4,85,0.18,Physics,Hard,6,0.0
14,117,Physics,4,90,0.25,Physics,Hard,6,0.5
14,114,Physics,4,90,0.25,Physics,Hard,6,1.0
14,118,Physics,4,90,0.25,Physics,Hard,6,0.0
14,108,Physics,4,90,0.25,Math,Hard,6,0.5
14,103,Physics,4,90,0.25,Economics,Medium,4,1.0
14,119,Physics,4,90,0.25,Physics,Hard,6,1.0
14,123,Physics,4,90,0.25,Physics,Hard,6,0.5
15,123,Math,4,72,0.29,Physics,Hard,6,0.0
15,113,Math,4,72,0.29,Computer Science,Medium,6,0.0
15,111,Math,4,72,0.29,Computer Science,Medium,6,0.0
16,120,History,2,97,0.75,Philosophy,Easy,4,1.0
16,107,History,2,97,0.75,History,Easy,4,0.0
16,110,History,2,97,0.75,History,Easy,4,1.0
16,121,History,2,97,0.75,History,Easy,4,1.0
16,109,History,2,97,0.75,Philosophy,Easy,4,1.0
16,106,History,2,97,0.75,History,Easy,4,1.0
17,107,History,2,99,0.61,History,Easy,4,1.0
17,115,History,2,99,0.61,History,Easy,4,1.0
17,122,History,2,99,0.61,History,Easy,4,1.0
17,106,History,2,99,0.61,History,Easy,4,1.0
17,105,History,2,99,0.61,History,Easy,4,1.0
18,112,Physics,1,63,0.62,Math,Hard,6,0.0
18,101,Physics,1,63,0.62,Math,Hard,6,0.0
18,108,Physics,1,63,0.62,Math,Hard,6,0.0
18,114,Physics,1,63,0.62,Physics,Hard,6,0.0
18,117,Physics,1,63,0.62,Physics,Hard,6,0.0
18,103,Physics,1,63,0.62,Economics,Medium,4,0.0
18,119,Physics,1,63,0.62,Physics,Hard,6,0.0
19,121,History,3,80,0.17,History,Easy,4,1.0
19,115,History,3,80,0.17,History,Easy,4,0.0
19,110,History,3,80,0.17,History,Easy,4,1.0
20,111,CS,4,77,0.92,Computer Science,Medium,6,0.0
20,102,CS,4,77,0.92,Computer Science,Medium,6,0.5
20,112,CS,4,77,0.92,Math,Hard,6,0.0
20,108,CS,4,77,0.92,Math,Hard,6,0.0
20,101,CS,4,77,0.92,Math,Hard,6,0.0
20,116,CS,4,77,0.92,Computer Science,Medium,6,0.0
20,113,CS,4,77,0.92,Computer Science,Medium,6,0.5
21,108,CS,3,74,0.78,Math,Hard,6,0.0
21,111,CS,3,74,0.78,Computer Science,Medium,6,0.0
21,116,CS,3,74,0.78,Computer Science,Medium,6,0.0
21,112,CS,3,74,0.78,Math,Hard,6,0.0
21,102,CS,3,74,0.78,Computer Science,Medium,6,0.5
21,101,CS,3,74,0.78,Math,Hard,6,0.0
21,113,CS,3,74,0.78,Computer Science,Medium,6,0.5
21,103,CS,3,74,0.78,Economics,Medium,4,0.0
22,110,History,1,83,0.36,History,Easy,4,1.0
22,121,History,1,83,0.36,History,Easy,4,1.0
22,107,History,1,83,0.36,History,Easy,4,1.0
22,120,History,1,83,0.36,Philosophy,Easy,4,1.0
22,109,History,1,83,0.36,Philosophy,Easy,4,1.0
22,115,History,1,83,0.36,History,Easy,4,0.0
22,104,History,1,83,0.36,History,Easy,4,1.0
22,124,History,1,83,0.36,Philosophy,Easy,4,1.0
23,114,Physics,3,77,0.49,Physics,Hard,6,0.0
23,118,Physics,3,77,0.49,Physics,Hard,6,0.0
23,101,Physics,3,77,0.49,Math,Hard,6,0.0
23,123,Physics,3,77,0.49,Physics,Hard,6,0.0
23,108,Physics,3,77,0.49,Math,Hard,6,0.0
24,101,Physics,2,72,0.42,Math,Hard,6,0.0
24,117,Physics,2,72,0.42,Physics,Hard,6,0.0
24,119,Physics,2,72,0.42,Physics,Hard,6,0.0
24,112,Physics,2,72,0.42,Math,Hard,6,0.0
24,114,Physics,2,72,0.42,Physics,Hard,6,0.0
25,108,Physics,3,72,0.56,Math,Hard,6,0.0
25,117,Physics,3,72,0.56,Physics,Hard,6,0.0
25,103,Physics,3,72,0.56,Economics,Medium,4,0.0
25,119,Physics,3,72,0.56,Physics,Hard,6,0.0
26,105,History,2,68,0.48,History,Easy,4,0.5
26,110,History,2,68,0.48,History,Easy,4,1.0
26,106,History,2,68,0.48,History,Easy,4,1.0
26,109,History,2,68,0.48,Philosophy,Easy,4,0.5
26,115,History,2,68,0.48,History,Easy,4,0.5
26,107,History,2,68,0.48,History,Easy,4,1.0
26,104,History,2,68,0.48,History,Easy,4,0.5
26,124,History,2,68,0.48,Philosophy,Easy,4,0.0
27,102,CS,2,77,0.37,Computer Science,Medium,6,0.5
27,103,CS,2,77,0.37,Economics,Medium,4,0.0
27,111,CS,2,77,0.37,Computer Science,Medium,6,0.0
28,111,Math,4,68,0.37,Computer Science,Medium,6,0.0
28,116,Math,4,68,0.37,Computer Science,Medium,6,0.0
28,108,Math,4,68,0.37,Math,Hard,6,0.5
28,101,Math,4,68,0.37,Math,Hard,6,0.5
28,118,Math,4,68,0.37,Physics,Hard,6,0.0
28,113,Math,4,68,0.37,Computer Science,Medium,6,0.0
28,112,Math,4,68,0.37,Math,Hard,6,0.0
28,102,Math,4,68,0.37,Computer Science,Medium,6,0.5
29,112,Physics,4,81,0.46,Math,Hard,6,0.0
29,119,Physics,4,81,0.46,Physics,Hard,6,0.0
29,117,Physics,4,81,0.46,Physics,Hard,6,0.0
29,101,Physics,4,81,0.46,Math,Hard,6,0.0
29,103,Physics,4,81,0.46,Economics,Medium,4,0.0
29,118,Physics,4,81,0.46,Physics,Hard,6,0.5
29,108,Physics,4,81,0.46,Math,Hard,6,0.0
30,102,CS,3,78,0.1,Computer Science,Medium,6,0.0
30,113,CS,3,78,0.1,Computer Science,Medium,6,0.0
30,108,CS,3,78,0.1,Math,Hard,6,0.0
31,116,CS,1,76,0.6,Computer Science,Medium,6,0.0
31,113,CS,1,76,0.6,Computer Science,Medium,6,0.0
31,112,CS,1,76,0.6,Math,Hard,6,0.0
31,102,CS,1,76,0.6,Computer Science,Medium,6,0.5
31,103,CS,1,76,0.6,Economics,Medium,4,0.5
32,101,CS,3,80,0.47,Math,Hard,6,0.0
32,113,CS,3,80,0.47,Computer Science,Medium,6,0.0
32,116,CS,3,80,0.47,Computer Science,Medium,6,0.0
33,116,Math,2,62,0.84,Computer Science,Medium,6,0.0
33,102,Math,2,62,0.84,Computer Science,Medium,6,0.0
33,113,Math,2,62,0.84,Computer Science,Medium,6,0.0
33,103,Math,2,62,0.84,Economics,Medium,4,0.0
34,103,CS,2,70,0.08,Economics,Medium,4,0.0
34,116,CS,2,70,0.08,Computer Science,Medium,6,0.0
34,102,CS,2,70,0.08,Computer Science,Medium,6,0.0
34,111,CS,2,70,0.08,Computer Science,Medium,6,0.0
34,113,CS,2,70,0.08,Computer Science,Medium,6,0.0
35,103,Physics,3,88,0.62,Economics,Medium,4,0.5
35,108,Physics,3,88,0.62,Math,Hard,6,0.5
35,101,Physics,3,88,0.62,Math,Hard,6,1.0
35,117,Physics,3,88,0.62,Physics,Hard,6,0.5
35,119,Physics,3,88,0.62,Physics,Hard,6,0.5
36,113,Math,2,75,0.14,Computer Science,Medium,6,0.0
36,114,Math,2,75,0.14,Physics,Hard,6,0.0
36,119,Math,2,75,0.14,Physics,Hard,6,0.0
37,118,Math,4,99,0.86,Physics,Hard,6,0.5
37,113,Math,4,99,0.86,Computer Science,Medium,6,1.0
37,101,Math,4,99,0.86,Math,Hard,6,0.5
38,118,Physics,4,71,0.45,Physics,Hard,6,0.0
38,103,Physics,4,71,0.45,Economics,Medium,4,0.0
38,108,Physics,4,71,0.45,Math,Hard,6,0.0
39,116,CS,1,68,0.51,Computer Science,Medium,6,0.0
39,102,CS,1,68,0.51,Computer Science,Medium,6,1.0
39,111,CS,1,68,0.51,Computer Science,Medium,6,0.0
39,108,CS,1,68,0.51,Math,Hard,6,0.0
39,103,CS,1,68,0.51,Economics,Medium,4,0.0
39,101,CS,1,68,0.51,Math,Hard,6,0.0
40,123,Physics,1,53,0.63,Physics,Hard,6,0.0
40,117,Physics,1,53,0.63,Physics,Hard,6,0.0
40,119,Physics,1,53,0.63,Physics,Hard,6,0.0
40,101,Physics,1,53,0.63,Math,Hard,6,0.0
40,114,Physics,1,53,0.63,Physics,Hard,6,0.0
40,108,Physics,1,53,0.63,Math,Hard,6,0.0
40,103,Physics,1,53,0.63,Economics,Medium,4,0.0
40,112,Physics,1,53,0.63,Math,Hard,6,0.0
41,123,Physics,4,61,0.55,Physics,Hard,6,0.0
41,114,Physics,4,61,0.55,Physics,Hard,6,0.0
41,117,Physics,4,61,0.55,Physics,Hard,6,0.0
41,118,Physics,4,61,0.55,Physics,Hard,6,0.0
42,117,Physics,2,90,0.27,Physics,Hard,6,0.5
42,114,Physics,2,90,0.27,Physics,Hard,6,0.5
42,123,Physics,2,90,0.27,Physics,Hard,6,0.5
43,112,Physics,1,78,0.7,Math,Hard,6,0.0
43,114,Physics,1,78,0.7,Physics,Hard,6,0.0
43,117,Physics,1,78,0.7,Physics,Hard,6,0.5
44,106,History,1,86,0.39,History,Easy,4,1.0
44,104,History,1,86,0.39,History,Easy,4,1.0
44,124,History,1,86,0.39,Philosophy,Easy,4,1.0
44,121,History,1,86,0.39,History,Easy,4,1.0
44,105,History,1,86,0.39,History,Easy,4,1.0
44,110,History,1,86,0.39,History,Easy,4,1.0
45,107,History,3,78,0.05,History,Easy,4,0.5
45,122,History,3,78,0.05,History,Easy,4,1.0
45,110,History,3,78,0.05,History,Easy,4,1.0
45,120,History,3,78,0.05,Philosophy,Easy,4,0.0
46,102,CS,2,87,0.57,Computer Science,Medium,6,1.0
46,103,CS,2,87,0.57,Economics,Medium,4,1.0
46,101,CS,2,87,0.57,Math,Hard,6,0.5
46,116,CS,2,87,0.57,Computer Science,Medium,6,1.0
46,112,CS,2,87,0.57,Math,Hard,6,0.0
46,111,CS,2,87,0.57,Computer Science,Medium,6,0.5
47,108,CS,2,86,0.32,Math,Hard,6,0.5
47,101,CS,2,86,0.32,Math,Hard,6,1.0
47,116,CS,2,86,0.32,Computer Science,Medium,6,1.0
47,103,CS,2,86,0.32,Economics,Medium,4,0.5
47,111,CS,2,86,0.32,Computer Science,Medium,6,1.0
47,113,CS,2,86,0.32,Computer Science,Medium,6,1.0
47,102,CS,2,86,0.32,Computer Science,Medium,6,0.5
47,112,CS,2,86,0.32,Math,Hard,6,0.5
48,106,History,4,92,0.33,History,Easy,4,1.0
48,110,History,4,92,0.33,History,Easy,4,1.0
48,124,History,4,92,0.33,Philosophy,Easy,4,0.5
48,122,History,4,92,0.33,History,Easy,4,1.0
49,123,Physics,4,85,0.1,Physics,Hard,6,0.0
49,117,Physics,4,85,0.1,Physics,Hard,6,0.0
49,101,Physics,4,85,0.1,Math,Hard,6,0.0
49,114,Physics,4,85,0.1,Physics,Hard,6,0.0
49,119,Physics,4,85,0.1,Physics,Hard,6,0.0
50,118,Physics,3,76,0.6,Physics,Hard,6,0.0
50,114,Physics,3,76,0.6,Physics,Hard,6,0.0
50,123,Physics,3,76,0.6,Physics,Hard,6,0.0
50,112,Physics,3,76,0.6,Math,Hard,6,0.5
51,123,Physics,1,66,0.52,Physics,Hard,6,0.0
51,108,Physics,1,66,0.52,Math,Hard,6,0.0
51,118,Physics,1,66,0.52,Physics,Hard,6,0.0
51,117,Physics,1,66,0.52,Physics,Hard,6,0.0
51,119,Physics,1,66,0.52,Physics,Hard,6,0.0
51,101,Physics,1,66,0.52,Math,Hard,6,0.0
51,114,Physics,1,66,0.52,Physics,Hard,6,0.0
52,108,CS,2,73,0.6,Math,Hard,6,0.0
52,111,CS,2,73,0.6,Computer Science,Medium,6,0.0
52,103,CS,2,73,0.6,Economics,Medium,4,0.0
53,111,CS,1,60,0.63,Computer Science,Medium,6,0.0
53,102,CS,1,60,0.63,Computer Science,Medium,6,0.0
53,113,CS,1,60,0.63,Computer Science,Medium,6,0.0
54,102,Math,3,72,0.9,Computer Science,Medium,6,0.0
54,119,Math,3,72,0.9,Physics,Hard,6,0.0
54,113,Math,3,72,0.9,Computer Science,Medium,6,0.0
54,103,Math,3,72,0.9,Economics,Medium,4,0.0
54,123,Math,3,72,0.9,Physics,Hard,6,0.0
54,101,Math,3,72,0.9,Math,Hard,6,0.0
54,117,Math,3,72,0.9,Physics,Hard,6,0.0
55,109,History,2,79,0.23,Philosophy,Easy,4,1.0
55,107,History,2,79,0.23,History,Easy,4,1.0
55,120,History,2,79,0.23,Philosophy,Easy,4,0.0
56,112,CS,2,67,0.61,Math,Hard,6,0.0
56,102,CS,2,67,0.61,Computer Science,Medium,6,0.5
56,113,CS,2,67,0.61,Computer Science,Medium,6,0.0
56,108,CS,2,67,0.61,Math,Hard,6,0.0
56,101,CS,2,67,0.61,Math,Hard,6,0.0
57,107,History,1,86,0.28,History,Easy,4,1.0
57,105,History,1,86,0.28,History,Easy,4,1.0
57,109,History,1,86,0.28,Philosophy,Easy,4,1.0
57,124,History,1,86,0.28,Philosophy,Easy,4,0.5
57,115,History,1,86,0.28,History,Easy,4,1.0
58,120,History,4,91,0.53,Philosophy,Easy,4,1.0
58,103,History,4,91,0.53,Economics,Medium,4,1.0
58,107,History,4,91,0.53,History,Easy,4,1.0
59,103,Physics,4,100,0.59,Economics,Medium,4,0.5
59,114,Physics,4,100,0.59,Physics,Hard,6,1.0
59,108,Physics,4,100,0.59,Math,Hard,6,1.0
59,123,Physics,4,100,0.59,Physics,Hard,6,0.5
60,123,Math,1,58,0.26,Physics,Hard,6,0.0
60,102,Math,1,58,0.26,Computer Science,Medium,6,0.0
60,117,Math,1,58,0.26,Physics,Hard,6,0.0
61,110,History,3,89,0.56,History,Easy,4,1.0
61,104,History,3,89,0.56,History,Easy,4,0.5
61,109,History,3,89,0.56,Philosophy,Easy,4,1.0
61,122,History,3,89,0.56,History,Easy,4,1.0
62,119,Math,1,61,0.16,Physics,Hard,6,0.0
62,118,Math,1,61,0.16,Physics,Hard,6,0.0
62,111,Math,1,61,0.16,Computer Science,Medium,6,0.0
62,113,Math,1,61,0.16,Computer Science,Medium,6,0.0
62,117,Math,1,61,0.16,Physics,Hard,6,0.0
62,102,Math,1,61,0.16,Computer Science,Medium,6,0.0
62,108,Math,1,61,0.16,Math,Hard,6,0.0
62,112,Math,1,61,0.16,Math,Hard,6,0.0
63,114,Physics,3,60,0.09,Physics,Hard,6,0.0
63,112,Physics,3,60,0.09,Math,Hard,6,0.0
63,117,Physics,3,60,0.09,Physics,Hard,6,0.0
63,123,Physics,3,60,0.09,Physics,Hard,6,0.0
63,108,Physics,3,60,0.09,Math,Hard,6,0.0
63,103,Physics,3,60,0.09,Economics,Medium,4,0.0
64,112,Physics,2,87,0.34,Math,Hard,6,0.5
64,117,Physics,2,87,0.34,Physics,Hard,6,0.0
64,114,Physics,2,87,0.34,Physics,Hard,6,1.0
64,108,Physics,2,87,0.34,Math,Hard,6,0.5
65,105,History,3,86,0.47,History,Easy,4,1.0
65,104,History,3,86,0.47,History,Easy,4,1.0
65,115,History,3,86,0.47,History,Easy,4,1.0
65,110,History,3,86,0.47,History,Easy,4,1.0
65,121,History,3,86,0.47,History,Easy,4,1.0
65,124,History,3,86,0.47,Philosophy,Easy,4,1.0
65,106,History,3,86,0.47,History,Easy,4,1.0
66,116,Math,4,75,0.37,Computer Science,Medium,6,0.0
66,123,Math,4,75,0.37,Physics,Hard,6,0.0
66,102,Math,4,75,0.37,Computer Science,Medium,6,0.5
66,119,Math,4,75,0.37,Physics,Hard,6,0.0
66,103,Math,4,75,0.37,Economics,Medium,4,0.0
66,108,Math,4,75,0.37,Math,Hard,6,1.0
66,117,Math,4,75,0.37,Physics,Hard,6,0.0
66,112,Math,4,75,0.37,Math,Hard,6,0.0
67,103,Physics,4,74,0.71,Economics,Medium,4,0.0
67,101,Physics,4,74,0.71,Math,Hard,6,0.0
67,112,Physics,4,74,0.71,Math,Hard,6,0.0
67,119,Physics,4,74,0.71,Physics,Hard,6,0.0
67,114,Physics,4,74,0.71,Physics,Hard,6,0.0
67,117,Physics,4,74,0.71,Physics,Hard,6,0.0
67,118,Physics,4,74,0.71,Physics,Hard,6,0.0
67,108,Physics,4,74,0.71,Math,Hard,6,0.0
68,118,Physics,2,63,0.85,Physics,Hard,6,0.5
68,108,Physics,2,63,0.85,Math,Hard,6,0.0
68,117,Physics,2,63,0.85,Physics,Hard,6,0.0
68,114,Physics,2,63,0.85,Physics,Hard,6,0.0
69,123,Math,2,79,0.41,Physics,Hard,6,0.0
69,112,Math,2,79,0.41,Math,Hard,6,0.0
69,108,Math,2,79,0.41,Math,Hard,6,0.0
69,116,Math,2,79,0.41,Computer Science,Medium,6,0.0
69,118,Math,2,79,0.41,Physics,Hard,6,0.0
69,102,Math,2,79,0.41,Computer Science,Medium,6,0.5
70,121,History,4,92,0.31,History,Easy,4,1.0
70,115,History,4,92,0.31,History,Easy,4,1.0
70,120,History,4,92,0.31,Philosophy,Easy,4,1.0
70,124,History,4,92,0.31,Philosophy,Easy,4,1.0
70,122,History,4,92,0.31,History,Easy,4,1.0
70,105,History,4,92,0.31,History,Easy,4,1.0
71,118,Math,3,59,0.17,Physics,Hard,6,0.0
71,116,Math,3,59,0.17,Computer Science,Medium,6,0.0
71,117,Math,3,59,0.17,Physics,Hard,6,0.0
71,103,Math,3,59,0.17,Economics,Medium,4,0.0
71,113,Math,3,59,0.17,Computer Science,Medium,6,0.0
71,111,Math,3,59,0.17,Computer Science,Medium,6,0.0
72,108,Physics,3,88,0.51,Math,Hard,6,0.5
72,123,Physics,3,88,0.51,Physics,Hard,6,1.0
72,118,Physics,3,88,0.51,Physics,Hard,6,0.5
72,114,Physics,3,88,0.51,Physics,Hard,6,0.5
72,119,Physics,3,88,0.51,Physics,Hard,6,0.5
73,118,Physics,1,91,0.27,Physics,Hard,6,1.0
73,114,Physics,1,91,0.27,Physics,Hard,6,0.5
73,103,Physics,1,91,0.27,Economics,Medium,4,0.5
73,112,Physics,1,91,0.27,Math,Hard,6,0.0
73,123,Physics,1,91,0.27,Physics,Hard,6,0.5
73,119,Physics,1,91,0.27,Physics,Hard,6,0.5
73,101,Physics,1,91,0.27,Math,Hard,6,0.5
74,108,CS,4,82,0.3,Math,Hard,6,0.0
74,101,CS,4,82,0.3,Math,Hard,6,0.0
74,111,CS,4,82,0.3,Computer Science,Medium,6,0.0
74,103,CS,4,82,0.3,Economics,Medium,4,0.0
74,113,CS,4,82,0.3,Computer Science,Medium,6,1.0
74,112,CS,4,82,0.3,Math,Hard,6,0.0
75,123,Math,3,83,0.47,Physics,Hard,6,0.0
75,114,Math,3,83,0.47,Physics,Hard,6,0.0
75,111,Math,3,83,0.47,Computer Science,Medium,6,0.0
75,113,Math,3,83,0.47,Computer Science,Medium,6,0.0
75,112,Math,3,83,0.47,Math,Hard,6,0.0
75,103,Math,3,83,0.47,Economics,Medium,4,0.0
76,103,CS,4,85,0.63,Economics,Medium,4,0.5
76,102,CS,4,85,0.63,Computer Science,Medium,6,1.0
76,111,CS,4,85,0.63,Computer Science,Medium,6,0.0
76,101,CS,4,85,0.63,Math,Hard,6,0.0
76,113,CS,4,85,0.63,Computer Science,Medium,6,0.5
76,116,CS,4,85,0.63,Computer Science,Medium,6,0.0
76,108,CS,4,85,0.63,Math,Hard,6,0.0
76,112,CS,4,85,0.63,Math,Hard,6,0.0
77,112,Physics,3,73,0.45,Math,Hard,6,0.0
77,119,Physics,3,73,0.45,Physics,Hard,6,0.0
77,101,Physics,3,73,0.45,Math,Hard,6,0.0
77,103,Physics,3,73,0.45,Economics,Medium,4,0.0
78,123,Physics,2,73,0.28,Physics,Hard,6,0.0
78,108,Physics,2,73,0.28,Math,Hard,6,0.0
78,118,Physics,2,73,0.28,Physics,Hard,6,0.0
78,119,Physics,2,73,0.28,Physics,Hard,6,0.0
78,103,Physics,2,73,0.28,Economics,Medium,4,0.0
78,117,Physics,2,73,0.28,Physics,Hard,6,0.0
78,114,Physics,2,73,0.28,Physics,Hard,6,0.0
78,112,Physics,2,73,0.28,Math,Hard,6,0.0
79,102,Math,2,81,0.64,Computer Science,Medium,6,0.0
79,101,Math,2,81,0.64,Math,Hard,6,0.5
79,103,Math,2,81,0.64,Economics,Medium,4,0.0
80,118,Math,2,72,0.69,Physics,Hard,6,0.0
80,101,Math,2,72,0.69,Math,Hard,6,0.0
80,111,Math,2,72,0.69,Computer Science,Medium,6,0.0
81,122,History,4,74,0.86,History,Easy,4,0.0
81,115,History,4,74,0.86,History,Easy,4,1.0
81,110,History,4,74,0.86,History,Easy,4,1.0
81,106,History,4,74,0.86,History,Easy,4,1.0
81,120,History,4,74,0.86,Philosophy,Easy,4,0.5
81,121,History,4,74,0.86,History,Easy,4,1.0
81,104,History,4,74,0.86,History,Easy,4,1.0
82,111,CS,4,77,0.66,Computer Science,Medium,6,0.0
82,113,CS,4,77,0.66,Computer Science,Medium,6,0.5
82,116,CS,4,77,0.66,Computer Science,Medium,6,0.0
83,114,Physics,4,93,0.69,Physics,Hard,6,0.5
83,101,Physics,4,93,0.69,Math,Hard,6,0.5
83,112,Physics,4,93,0.69,Math,Hard,6,0.5
83,103,Physics,4,93,0.69,Economics,Medium,4,1.0
83,118,Physics,4,93,0.69,Physics,Hard,6,1.0
83,119,Physics,4,93,0.69,Physics,Hard,6,0.0
83,117,Physics,4,93,0.69,Physics,Hard,6,0.0
84,103,CS,3,72,0.56,Economics,Medium,4,0.0
84,108,CS,3,72,0.56,Math,Hard,6,0.5
84,111,CS,3,72,0.56,Computer Science,Medium,6,0.0
84,113,CS,3,72,0.56,Computer Science,Medium,6,0.0
84,102,CS,3,72,0.56,Computer Science,Medium,6,0.5
84,112,CS,3,72,0.56,Math,Hard,6,0.0
84,101,CS,3,72,0.56,Math,Hard,6,0.0
84,116,CS,3,72,0.56,Computer Science,Medium,6,0.0
85,123,Physics,4,65,0.72,Physics,Hard,6,0.0
85,112,Physics,4,65,0.72,Math,Hard,6,0.0
85,103,Physics,4,65,0.72,Economics,Medium,4,0.0
85,108,Physics,4,65,0.72,Math,Hard,6,0.0
85,118,Physics,4,65,0.72,Physics,Hard,6,0.5
86,102,Math,3,69,0.54,Computer Science,Medium,6,0.0
86,119,Math,3,69,0.54,Physics,Hard,6,0.0
86,114,Math,3,69,0.54,Physics,Hard,6,0.0
86,117,Math,3,69,0.54,Physics,Hard,6,0.0
86,112,Math,3,69,0.54,Math,Hard,6,0.0
86,113,Math,3,69,0.54,Computer Science,Medium,6,0.0
86,111,Math,3,69,0.54,Computer Science,Medium,6,0.0
86,116,Math,3,69,0.54,Computer Science,Medium,6,0.0
87,101,Physics,2,74,0.32,Math,Hard,6,0.0
87,123,Physics,2,74,0.32,Physics,Hard,6,0.0
87,103,Physics,2,74,0.32,Economics,Medium,4,0.0
87,119,Physics,2,74,0.32,Physics,Hard,6,0.0
87,118,Physics,2,74,0.32,Physics,Hard,6,0.0
88,123,Physics,4,81,0.52,Physics,Hard,6,0.0
88,101,Physics,4,81,0.52,Math,Hard,6,0.0
88,108,Physics,4,81,0.52,Math,Hard,6,0.0
89,114,Physics,4,89,0.29,Physics,Hard,6,0.0
89,112,Physics,4,89,0.29,Math,Hard,6,0.5
89,119,Physics,4,89,0.29,Physics,Hard,6,0.5
89,117,Physics,4,89,0.29,Physics,Hard,6,0.5
90,116,CS,4,93,0.6,Computer Science,Medium,6,0.5
90,113,CS,4,93,0.6,Computer Science,Medium,6,0.5
90,111,CS,4,93,0.6,Computer Science,Medium,6,1.0
91,112,CS,4,84,0.79,Math,Hard,6,0.0
91,111,CS,4,84,0.79,Computer Science,Medium,6,0.0
91,101,CS,4,84,0.79,Math,Hard,6,0.0
91,102,CS,4,84,0.79,Computer Science,Medium,6,1.0
92,101,Math,1,52,0.12,Math,Hard,6,0.0
92,119,Math,1,52,0.12,Physics,Hard,6,0.0
92,113,Math,1,52,0.12,Computer Science,Medium,6,0.0
92,102,Math,1,52,0.12,Computer Science,Medium,6,0.0
93,102,CS,3,86,0.55,Computer Science,Medium,6,0.5
93,116,CS,3,86,0.55,Computer Science,Medium,6,1.0
93,112,CS,3,86,0.55,Math,Hard,6,0.5
93,111,CS,3,86,0.55,Computer Science,Medium,6,1.0
93,108,CS,3,86,0.55,Math,Hard,6,0.5
93,113,CS,3,86,0.55,Computer Science,Medium,6,1.0
93,103,CS,3,86,0.55,Economics,Medium,4,1.0
93,101,CS,3,86,0.55,Math,Hard,6,0.5
94,110,History,3,84,0.13,History,Easy,4,1.0
94,124,History,3,84,0.13,Philosophy,Easy,4,0.0
94,104,History,3,84,0.13,History,Easy,4,1.0
95,122,History,4,86,0.82,History,Easy,4,1.0
95,110,History,4,86,0.82,History,Easy,4,1.0
95,121,History,4,86,0.82,History,Easy,4,1.0
95,105,History,4,86,0.82,History,Easy,4,1.0
95,106,History,4,86,0.82,History,Easy,4,1.0
95,115,History,4,86,0.82,History,Easy,4,1.0
96,109,History,4,87,0.54,Philosophy,Easy,4,0.5
96,115,History,4,87,0.54,History,Easy,4,0.5
96,110,History,4,87,0.54,History,Easy,4,1.0
96,120,History,4,87,0.54,Philosophy,Easy,4,0.5
96,106,History,4,87,0.54,History,Easy,4,1.0
96,105,History,4,87,0.54,History,Easy,4,0.5
96,124,History,4,87,0.54,Philosophy,Easy,4,1.0
96,121,History,4,87,0.54,History,Easy,4,1.0
97,101,Physics,1,55,0.29,Math,Hard,6,0.0
97,103,Physics,1,55,0.29,Economics,Medium,4,0.0
97,108,Physics,1,55,0.29,Math,Hard,6,0.0
97,112,Physics,1,55,0.29,Math,Hard,6,0.0
97,117,Physics,1,55,0.29,Physics,Hard,6,0.0
97,114,Physics,1,55,0.29,Physics,Hard,6,0.0
97,123,Physics,1,55,0.29,Physics,Hard,6,0.0
98,120,History,3,79,0.16,Philosophy,Easy,4,0.0
98,124,History,3,79,0.16,Philosophy,Easy,4,0.0
98,107,History,3,79,0.16,History,Easy,4,1.0
98,115,History,3,79,0.16,History,Easy,4,0.0
98,106,History,3,79,0.16,History,Easy,4,1.0
99,116,CS,4,78,0.81,Computer Science,Medium,6,0.0
99,113,CS,4,78,0.81,Computer Science,Medium,6,0.0
99,103,CS,4,78,0.81,Economics,Medium,4,0.0
99,111,CS,4,78,0.81,Computer Science,Medium,6,0.0
99,101,CS,4,78,0.81,Math,Hard,6,0.0
99,112,CS,4,78,0.81,Math,Hard,6,0.0
99,108,CS,4,78,0.81,Math,Hard,6,0.0
99,102,CS,4,78,0.81,Computer Science,Medium,6,1.0
100,108,Physics,4,76,0.78,Math,Hard,6,0.0
100,114,Physics,4,76,0.78,Physics,Hard,6,0.0
100,117,Physics,4,76,0.78,Physics,Hard,6,0.0
100,119,Physics,4,76,0.78,Physics,Hard,6,0.0
100,112,Physics,4,76,0.78,Math,Hard,6,0.0
101,108,Math,4,74,0.1,Math,Hard,6,0.0
101,114,Math,4,74,0.1,Physics,Hard,6,0.0
101,113,Math,4,74,0.1,Computer Science,Medium,6,0.0
101,123,Math,4,74,0.1,Physics,Hard,6,0.0
101,112,Math,4,74,0.1,Math,Hard,6,0.0
101,118,Math,4,74,0.1,Physics,Hard,6,0.0
101,117,Math,4,74,0.1,Physics,Hard,6,0.0
101,111,Math,4,74,0.1,Computer Science,Medium,6,0.0
102,123,Math,1,73,0.51,Physics,Hard,6,0.0
102,113,Math,1,73,0.51,Computer Science,Medium,6,0.0
102,119,Math,1,73,0.51,Physics,Hard,6,0.0
102,118,Math,1,73,0.51,Physics,Hard,6,0.0
102,116,Math,1,73,0.51,Computer Science,Medium,6,0.0
102,117,Math,1,73,0.51,Physics,Hard,6,0.0
103,115,History,1,79,0.73,History,Easy,4,0.5
103,121,History,1,79,0.73,History,Easy,4,0.5
103,120,History,1,79,0.73,Philosophy,Easy,4,0.0
103,106,History,1,79,0.73,History,Easy,4,1.0
103,109,History,1,79,0.73,Philosophy,Easy,4,1.0
103,124,History,1,79,0.73,Philosophy,Easy,4,0.0
103,104,History,1,79,0.73,History,Easy,4,1.0
103,107,History,1,79,0.73,History,Easy,4,1.0
104,117,Physics,2,69,0.38,Physics,Hard,6,0.0
104,123,Physics,2,69,0.38,Physics,Hard,6,0.0
104,118,Physics,2,69,0.38,Physics,Hard,6,0.0
104,114,Physics,2,69,0.38,Physics,Hard,6,0.0
104,112,Physics,2,69,0.38,Math,Hard,6,0.0
104,108,Physics,2,69,0.38,Math,Hard,6,0.0
105,114,Physics,4,95,0.58,Physics,Hard,6,0.5
105,101,Physics,4,95,0.58,Math,Hard,6,0.5
105,117,Physics,4,95,0.58,Physics,Hard,6,1.0
105,123,Physics,4,95,0.58,Physics,Hard,6,0.5
105,108,Physics,4,95,0.58,Math,Hard,6,0.5
106,110,History,2,72,0.33,History,Easy,4,1.0
106,104,History,2,72,0.33,History,Easy,4,1.0
106,122,History,2,72,0.33,History,Easy,4,0.0
106,107,History,2,72,0.33,History,Easy,4,1.0
106,120,History,2,72,0.33,Philosophy,Easy,4,0.0
107,108,Math,2,64,0.15,Math,Hard,6,0.0
107,111,Math,2,64,0.15,Computer Science,Medium,6,0.0
107,101,Math,2,64,0.15,Math,Hard,6,0.0
107,102,Math,2,64,0.15,Computer Science,Medium,6,1.0
108,117,Math,1,67,0.9,Physics,Hard,6,0.0
108,102,Math,1,67,0.9,Computer Science,Medium,6,0.0
108,114,Math,1,67,0.9,Physics,Hard,6,0.0
108,119,Math,1,67,0.9,Physics,Hard,6,0.0
108,111,Math,1,67,0.9,Computer Science,Medium,6,0.0
108,116,Math,1,67,0.9,Computer Science,Medium,6,0.0
108,101,Math,1,67,0.9,Math,Hard,6,0.0
109,123,Physics,2,79,0.88,Physics,Hard,6,0.0
109,112,Physics,2,79,0.88,Math,Hard,6,0.0
109,117,Physics,2,79,0.88,Physics,Hard,6,0.0
109,101,Physics,2,79,0.88,Math,Hard,6,0.5
109,108,Physics,2,79,0.88,Math,Hard,6,0.0
110,113,CS,1,60,0.8,Computer Science,Medium,6,0.0
110,112,CS,1,60,0.8,Math,Hard,6,0.0
110,102,CS,1,60,0.8,Computer Science,Medium,6,0.0
110,116,CS,1,60,0.8,Computer Science,Medium,6,0.0
110,101,CS,1,60,0.8,Math,Hard,6,0.0
110,111,CS,1,60,0.8,Computer Science,Medium,6,0.0
110,108,CS,1,60,0.8,Math,Hard,6,0.0
110,103,CS,1,60,0.8,Economics,Medium,4,0.0
111,109,History,3,67,0.82,Philosophy,Easy,4,1.0
111,124,History,3,67,0.82,Philosophy,Easy,4,1.0
111,122,History,3,67,0.82,History,Easy,4,0.0
111,104,History,3,67,0.82,History,Easy,4,1.0
111,120,History,3,67,0.82,Philosophy,Easy,4,0.0
111,121,History,3,67,0.82,History,Easy,4,0.0
111,115,History,3,67,0.82,History,Easy,4,0.0
111,110,History,3,67,0.82,History,Easy,4,0.5
112,103,Physics,1,77,0.27,Economics,Medium,4,0.0
112,117,Physics,1,77,0.27,Physics,Hard,6,0.0
112,112,Physics,1,77,0.27,Math,Hard,6,0.0
112,101,Physics,1,77,0.27,Math,Hard,6,0.0
112,118,Physics,1,77,0.27,Physics,Hard,6,0.0
112,119,Physics,1,77,0.27,Physics,Hard,6,0.0
113,116,CS,3,79,0.62,Computer Science,Medium,6,0.0
113,103,CS,3,79,0.62,Economics,Medium,4,0.0
113,111,CS,3,79,0.62,Computer Science,Medium,6,0.0
113,101,CS,3,79,0.62,Math,Hard,6,0.0
113,112,CS,3,79,0.62,Math,Hard,6,0.0
113,113,CS,3,79,0.62,Computer Science,Medium,6,0.5
114,122,History,3,91,0.85,History,Easy,4,1.0
114,106,History,3,91,0.85,History,Easy,4,1.0
114,121,History,3,91,0.85,History,Easy,4,1.0
114,104,History,3,91,0.85,History,Easy,4,1.0
114,124,History,3,91,0.85,Philosophy,Easy,4,1.0
114,107,History,3,91,0.85,History,Easy,4,1.0
114,120,History,3,91,0.85,Philosophy,Easy,4,1.0
114,115,History,3,91,0.85,History,Easy,4,1.0
115,117,Math,3,70,0.52,Physics,Hard,6,0.0
115,108,Math,3,70,0.52,Math,Hard,6,0.0
115,116,Math,3,70,0.52,Computer Science,Medium,6,0.0
116,110,History,1,66,0.51,History,Easy,4,0.5
116,121,History,1,66,0.51,History,Easy,4,1.0
116,122,History,1,66,0.51,History,Easy,4,0.0
116,109,History,1,66,0.51,Philosophy,Easy,4,1.0
117,115,History,3,80,0.59,History,Easy,4,0.5
117,120,History,3,80,0.59,Philosophy,Easy,4,0.0
117,107,History,3,80,0.59,History,Easy,4,1.0
117,122,History,3,80,0.59,History,Easy,4,1.0
118,109,History,4,100,0.64,Philosophy,Easy,4,1.0
118,122,History,4,100,0.64,History,Easy,4,0.5
118,121,History,4,100,0.64,History,Easy,4,0.5
118,124,History,4,100,0.64,Philosophy,Easy,4,0.5
119,112,Math,4,80,0.41,Math,Hard,6,0.0
119,118,Math,4,80,0.41,Physics,Hard,6,0.0
119,113,Math,4,80,0.41,Computer Science,Medium,6,0.0
119,119,Math,4,80,0.41,Physics,Hard,6,0.0
119,102,Math,4,80,0.41,Computer Science,Medium,6,1.0
120,111,CS,3,86,0.52,Computer Science,Medium,6,0.5
120,112,CS,3,86,0.52,Math,Hard,6,0.5
120,102,CS,3,86,0.52,Computer Science,Medium,6,1.0
120,116,CS,3,86,0.52,Computer Science,Medium,6,1.0
120,101,CS,3,86,0.52,Math,Hard,6,0.5
120,103,CS,3,86,0.52,Economics,Medium,4,0.5
121,108,CS,4,96,0.45,Math,Hard,6,0.5
121,113,CS,4,96,0.45,Computer Science,Medium,6,0.5
121,112,CS,4,96,0.45,Math,Hard,6,0.5
121,102,CS,4,96,0.45,Computer Science,Medium,6,0.5
121,111,CS,4,96,0.45,Computer Science,Medium,6,1.0
121,103,CS,4,96,0.45,Economics,Medium,4,1.0
121,116,CS,4,96,0.45,Computer Science,Medium,6,1.0
121,101,CS,4,96,0.45,Math,Hard,6,0.5
122,105,History,2,73,0.27,History,Easy,4,0.0
122,115,History,2,73,0.27,History,Easy,4,0.5
122,120,History,2,73,0.27,Philosophy,Easy,4,0.0
122,106,History,2,73,0.27,History,Easy,4,1.0
122,121,History,2,73,0.27,History,Easy,4,1.0
122,104,History,2,73,0.27,History,Easy,4,0.0
122,107,History,2,73,0.27,History,Easy,4,1.0
123,101,CS,4,91,0.03,Math,Hard,6,0.5
123,113,CS,4,91,0.03,Computer Science,Medium,6,1.0
123,102,CS,4,91,0.03,Computer Science,Medium,6,1.0
123,111,CS,4,91,0.03,Computer Science,Medium,6,0.5
123,116,CS,4,91,0.03,Computer Science,Medium,6,1.0
123,108,CS,4,91,0.03,Math,Hard,6,0.0
123,112,CS,4,91,0.03,Math,Hard,6,0.5
123,103,CS,4,91,0.03,Economics,Medium,4,0.5
124,119,Math,4,89,0.54,Physics,Hard,6,0.5
124,114,Math,4,89,0.54,Physics,Hard,6,0.0
124,102,Math,4,89,0.54,Computer Science,Medium,6,0.5
124,123,Math,4,89,0.54,Physics,Hard,6,0.5
124,116,Math,4,89,0.54,Computer Science,Medium,6,1.0
124,118,Math,4,89,0.54,Physics,Hard,6,0.5
124,117,Math,4,89,0.54,Physics,Hard,6,0.0
124,111,Math,4,89,0.54,Computer Science,Medium,6,1.0
125,119,Math,1,47,0.63,Physics,Hard,6,0.0
125,117,Math,1,47,0.63,Physics,Hard,6,0.0
125,111,Math,1,47,0.63,Computer Science,Medium,6,0.0
125,102,Math,1,47,0.63,Computer Science,Medium,6,0.0
125,112,Math,1,47,0.63,Math,Hard,6,0.0
125,114,Math,1,47,0.63,Physics,Hard,6,0.0
125,101,Math,1,47,0.63,Math,Hard,6,0.0
126,103,Physics,1,75,0.61,Economics,Medium,4,0.0
126,123,Physics,1,75,0.61,Physics,Hard,6,0.0
126,118,Physics,1,75,0.61,Physics,Hard,6,0.0
126,119,Physics,1,75,0.61,Physics,Hard,6,0.0
126,117,Physics,1,75,0.61,Physics,Hard,6,0.0
126,101,Physics,1,75,0.61,Math,Hard,6,0.0
126,108,Physics,1,75,0.61,Math,Hard,6,0.0
127,108,Math,3,58,0.21,Math,Hard,6,0.0
127,116,Math,3,58,0.21,Computer Science,Medium,6,0.0
127,114,Math,3,58,0.21,Physics,Hard,6,0.0
128,115,History,4,84,0.51,History,Easy,4,0.5
128,110,History,4,84,0.51,History,Easy,4,1.0
128,120,History,4,84,0.51,Philosophy,Easy,4,0.0
128,104,History,4,84,0.51,History,Easy,4,1.0
129,123,Physics,1,74,0.64,Physics,Hard,6,0.0
129,119,Physics,1,74,0.64,Physics,Hard,6,0.0
129,101,Physics,1,74,0.64,Math,Hard,6,0.0
129,118,Physics,1,74,0.64,Physics,Hard,6,0.5
129,117,Physics,1,74,0.64,Physics,Hard,6,0.0
129,112,Physics,1,74,0.64,Math,Hard,6,0.0
130,102,CS,3,87,0.41,Computer Science,Medium,6,1.0
130,112,CS,3,87,0.41,Math,Hard,6,0.0
130,101,CS,3,87,0.41,Math,Hard,6,0.5
130,108,CS,3,87,0.41,Math,Hard,6,1.0
130,111,CS,3,87,0.41,Computer Science,Medium,6,0.5
131,113,CS,3,80,0.01,Computer Science,Medium,6,1.0
131,108,CS,3,80,0.01,Math,Hard,6,0.0
131,116,CS,3,80,0.01,Computer Science,Medium,6,0.0
131,102,CS,3,80,0.01,Computer Science,Medium,6,0.0
132,113,CS,4,75,0.9,Computer Science,Medium,6,0.0
132,111,CS,4,75,0.9,Computer Science,Medium,6,0.0
132,112,CS,4,75,0.9,Math,Hard,6,0.0
132,102,CS,4,75,0.9,Computer Science,Medium,6,1.0
132,116,CS,4,75,0.9,Computer Science,Medium,6,0.0
132,101,CS,4,75,0.9,Math,Hard,6,0.0
132,103,CS,4,75,0.9,Economics,Medium,4,0.0
133,107,History,1,79,0.23,History,Easy,4,1.0
133,124,History,1,79,0.23,Philosophy,Easy,4,0.0
133,115,History,1,79,0.23,History,Easy,4,1.0
133,110,History,1,79,0.23,History,Easy,4,1.0
133,103,History,1,79,0.23,Economics,Medium,4,0.0
134,111,Math,1,56,0.52,Computer Science,Medium,6,0.0
134,123,Math,1,56,0.52,Physics,Hard,6,0.0
134,103,Math,1,56,0.52,Economics,Medium,4,0.0
134,118,Math,1,56,0.52,Physics,Hard,6,0.0
135,116,CS,4,76,0.5,Computer Science,Medium,6,0.0
135,113,CS,4,76,0.5,Computer Science,Medium,6,0.0
135,101,CS,4,76,0.5,Math,Hard,6,0.0
135,111,CS,4,76,0.5,Computer Science,Medium,6,0.0
135,102,CS,4,76,0.5,Computer Science,Medium,6,1.0
135,112,CS,4,76,0.5,Math,Hard,6,0.0
135,108,CS,4,76,0.5,Math,Hard,6,0.0
136,101,Physics,4,79,0.29,Math,Hard,6,0.0
136,114,Physics,4,79,0.29,Physics,Hard,6,0.0
136,117,Physics,4,79,0.29,Physics,Hard,6,0.0
136,119,Physics,4,79,0.29,Physics,Hard,6,0.0
136,123,Physics,4,79,0.29,Physics,Hard,6,0.0
136,118,Physics,4,79,0.29,Physics,Hard,6,0.5
137,116,CS,4,80,0.23,Computer Science,Medium,6,0.0
137,112,CS,4,80,0.23,Math,Hard,6,0.0
137,103,CS,4,80,0.23,Economics,Medium,4,0.0
137,102,CS,4,80,0.23,Computer Science,Medium,6,0.5
137,111,CS,4,80,0.23,Computer Science,Medium,6,0.0
137,101,CS,4,80,0.23,Math,Hard,6,0.0
137,113,CS,4,80,0.23,Computer Science,Medium,6,1.0
138,108,Math,3,65,0.04,Math,Hard,6,0.0
138,113,Math,3,65,0.04,Computer Science,Medium,6,0.0
138,123,Math,3,65,0.04,Physics,Hard,6,0.0
138,116,Math,3,65,0.04,Computer Science,Medium,6,0.0
138,102,Math,3,65,0.04,Computer Science,Medium,6,0.0
138,117,Math,3,65,0.04,Physics,Hard,6,0.0
139,114,Physics,4,75,0.34,Physics,Hard,6,0.0
139,103,Physics,4,75,0.34,Economics,Medium,4,0.0
139,101,Physics,4,75,0.34,Math,Hard,6,0.0
139,117,Physics,4,75,0.34,Physics,Hard,6,0.0
139,123,Physics,4,75,0.34,Physics,Hard,6,0.0
139,119,Physics,4,75,0.34,Physics,Hard,6,0.0
139,108,Physics,4,75,0.34,Math,Hard,6,0.0
140,108,CS,3,89,0.47,Math,Hard,6,1.0
140,113,CS,3,89,0.47,Computer Science,Medium,6,1.0
140,103,CS,3,89,0.47,Economics,Medium,4,0.5
140,102,CS,3,89,0.47,Computer Science,Medium,6,1.0
140,101,CS,3,89,0.47,Math,Hard,6,0.5
140,116,CS,3,89,0.47,Computer Science,Medium,6,1.0
141,111,Math,2,79,0.63,Computer Science,Medium,6,0.0
141,102,Math,2,79,0.63,Computer Science,Medium,6,0.0
141,108,Math,2,79,0.63,Math,Hard,6,0.0
141,103,Math,2,79,0.63,Economics,Medium,4,0.5
141,117,Math,2,79,0.63,Physics,Hard,6,0.0
141,118,Math,2,79,0.63,Physics,Hard,6,0.0
142,121,History,3,92,0.4,History,Easy,4,1.0
142,109,History,3,92,0.4,Philosophy,Easy,4,1.0
142,124,History,3,92,0.4,Philosophy,Easy,4,0.5
142,115,History,3,92,0.4,History,Easy,4,1.0
142,104,History,3,92,0.4,History,Easy,4,1.0
142,120,History,3,92,0.4,Philosophy,Easy,4,1.0
143,102,CS,2,83,0.75,Computer Science,Medium,6,1.0
143,113,CS,2,83,0.75,Computer Science,Medium,6,0.0
143,108,CS,2,83,0.75,Math,Hard,6,0.0
143,101,CS,2,83,0.75,Math,Hard,6,0.0
143,103,CS,2,83,0.75,Economics,Medium,4,0.0
143,111,CS,2,83,0.75,Computer Science,Medium,6,0.0
143,116,CS,2,83,0.75,Computer Science,Medium,6,0.0
143,112,CS,2,83,0.75,Math,Hard,6,0.0
144,109,History,2,87,0.28,Philosophy,Easy,4,1.0
144,115,History,2,87,0.28,History,Easy,4,1.0
144,105,History,2,87,0.28,History,Easy,4,1.0
144,107,History,2,87,0.28,History,Easy,4,0.0
144,106,History,2,87,0.28,History,Easy,4,1.0
145,111,CS,3,96,0.35,Computer Science,Medium,6,1.0
145,103,CS,3,96,0.35,Economics,Medium,4,0.5
145,108,CS,3,96,0.35,Math,Hard,6,0.5
145,113,CS,3,96,0.35,Computer Science,Medium,6,1.0
145,116,CS,3,96,0.35,Computer Science,Medium,6,1.0
145,102,CS,3,96,0.35,Computer Science,Medium,6,1.0
145,112,CS,3,96,0.35,Math,Hard,6,0.5
146,106,History,4,95,0.14,History,Easy,4,1.0
146,120,History,4,95,0.14,Philosophy,Easy,4,0.5
146,110,History,4,95,0.14,History,Easy,4,1.0
147,123,Physics,2,72,0.73,Physics,Hard,6,0.0
147,108,Physics,2,72,0.73,Math,Hard,6,0.0
147,114,Physics,2,72,0.73,Physics,Hard,6,0.0
147,118,Physics,2,72,0.73,Physics,Hard,6,0.0
147,117,Physics,2,72,0.73,Physics,Hard,6,0.0
148,108,Math,2,73,0.35,Math,Hard,6,0.0
148,123,Math,2,73,0.35,Physics,Hard,6,0.0
148,117,Math,2,73,0.35,Physics,Hard,6,0.0
148,114,Math,2,73,0.35,Physics,Hard,6,0.0
149,102,Math,2,72,0.08,Computer Science,Medium,6,0.0
149,119,Math,2,72,0.08,Physics,Hard,6,0.0
149,116,Math,2,72,0.08,Computer Science,Medium,6,0.0
149,108,Math,2,72,0.08,Math,Hard,6,0.5
149,118,Math,2,72,0.08,Physics,Hard,6,0.0
149,114,Math,2,72,0.08,Physics,Hard,6,0.0
149,112,Math,2,72,0.08,Math,Hard,6,0.0
149,117,Math,2,72,0.08,Physics,Hard,6,0.0
150,123,Math,2,74,0.57,Physics,Hard,6,0.0
150,101,Math,2,74,0.57,Math,Hard,6,0.0
150,117,Math,2,74,0.57,Physics,Hard,6,0.0
150,116,Math,2,74,0.57,Computer Science,Medium,6,0.0
150,108,Math,2,74,0.57,Math,Hard,6,0.0
151,119,Physics,4,82,0.89,Physics,Hard,6,0.0
151,108,Physics,4,82,0.89,Math,Hard,6,0.0
151,117,Physics,4,82,0.89,Physics,Hard,6,0.5
151,103,Physics,4,82,0.89,Economics,Medium,4,0.0
151,112,Physics,4,82,0.89,Math,Hard,6,0.0
152,114,Math,2,82,0.64,Physics,Hard,6,0.0
152,101,Math,2,82,0.64,Math,Hard,6,0.5
152,111,Math,2,82,0.64,Computer Science,Medium,6,0.0
152,123,Math,2,82,0.64,Physics,Hard,6,0.0
152,119,Math,2,82,0.64,Physics,Hard,6,0.0
152,108,Math,2,82,0.64,Math,Hard,6,0.0
152,116,Math,2,82,0.64,Computer Science,Medium,6,0.0
152,113,Math,2,82,0.64,Computer Science,Medium,6,0.0
153,102,CS,1,66,0.3,Computer Science,Medium,6,1.0
153,116,CS,1,66,0.3,Computer Science,Medium,6,0.0
153,101,CS,1,66,0.3,Math,Hard,6,0.0
154,116,CS,3,78,0.67,Computer Science,Medium,6,0.0
154,101,CS,3,78,0.67,Math,Hard,6,0.0
154,113,CS,3,78,0.67,Computer Science,Medium,6,0.5
154,111,CS,3,78,0.67,Computer Science,Medium,6,0.0
154,108,CS,3,78,0.67,Math,Hard,6,0.0
154,102,CS,3,78,0.67,Computer Science,Medium,6,1.0
154,112,CS,3,78,0.67,Math,Hard,6,0.0
154,103,CS,3,78,0.67,Economics,Medium,4,0.0
155,116,CS,4,89,0.83,Computer Science,Medium,6,1.0
155,113,CS,4,89,0.83,Computer Science,Medium,6,1.0
155,101,CS,4,89,0.83,Math,Hard,6,0.5
155,111,CS,4,89,0.83,Computer Science,Medium,6,0.5
156,119,Physics,1,86,0.18,Physics,Hard,6,0.5
156,117,Physics,1,86,0.18,Physics,Hard,6,0.5
156,114,Physics,1,86,0.18,Physics,Hard,6,0.5
156,112,Physics,1,86,0.18,Math,Hard,6,0.5
156,118,Physics,1,86,0.18,Physics,Hard,6,0.5
157,114,Physics,2,69,0.72,Physics,Hard,6,0.0
157,118,Physics,2,69,0.72,Physics,Hard,6,0.0
157,117,Physics,2,69,0.72,Physics,Hard,6,0.0
157,123,Physics,2,69,0.72,Physics,Hard,6,0.0
157,103,Physics,2,69,0.72,Economics,Medium,4,0.0
157,101,Physics,2,69,0.72,Math,Hard,6,0.0
157,112,Physics,2,69,0.72,Math,Hard,6,0.0
158,107,History,4,100,0.6,History,Easy,4,1.0
158,109,History,4,100,0.6,Philosophy,Easy,4,1.0
158,105,History,4,100,0.6,History,Easy,4,0.5
158,124,History,4,100,0.6,Philosophy,Easy,4,1.0
158,115,History,4,100,0.6,History,Easy,4,1.0
159,115,History,3,88,0.47,History,Easy,4,1.0
159,104,History,3,88,0.47,History,Easy,4,1.0
159,109,History,3,88,0.47,Philosophy,Easy,4,1.0
159,124,History,3,88,0.47,Philosophy,Easy,4,1.0
159,105,History,3,88,0.47,History,Easy,4,1.0
160,103,CS,1,70,0.5,Economics,Medium,4,0.0
160,116,CS,1,70,0.5,Computer Science,Medium,6,0.0
160,112,CS,1,70,0.5,Math,Hard,6,0.0
160,101,CS,1,70,0.5,Math,Hard,6,0.0
161,119,Physics,2,67,0.44,Physics,Hard,6,0.0
161,123,Physics,2,67,0.44,Physics,Hard,6,0.0
161,117,Physics,2,67,0.44,Physics,Hard,6,0.0
161,118,Physics,2,67,0.44,Physics,Hard,6,0.0
161,114,Physics,2,67,0.44,Physics,Hard,6,0.0
162,106,History,1,84,0.79,History,Easy,4,1.0
162,115,History,1,84,0.79,History,Easy,4,1.0
162,105,History,1,84,0.79,History,Easy,4,1.0
162,107,History,1,84,0.79,History,Easy,4,1.0
163,108,Math,4,67,0.23,Math,Hard,6,0.0
163,103,Math,4,67,0.23,Economics,Medium,4,0.0
163,119,Math,4,67,0.23,Physics,Hard,6,0.0
164,101,Math,2,55,0.45,Math,Hard,6,0.0
164,118,Math,2,55,0.45,Physics,Hard,6,0.0
164,113,Math,2,55,0.45,Computer Science,Medium,6,0.5
164,123,Math,2,55,0.45,Physics,Hard,6,0.0
164,102,Math,2,55,0.45,Computer Science,Medium,6,0.0
165,116,Math,2,80,0.15,Computer Science,Medium,6,0.0
165,113,Math,2,80,0.15,Computer Science,Medium,6,0.0
165,119,Math,2,80,0.15,Physics,Hard,6,0.0
165,112,Math,2,80,0.15,Math,Hard,6,0.0
165,118,Math,2,80,0.15,Physics,Hard,6,0.5
165,123,Math,2,80,0.15,Physics,Hard,6,0.0
165,114,Math,2,80,0.15,Physics,Hard,6,0.0
166,116,Math,4,71,0.43,Computer Science,Medium,6,0.0
166,118,Math,4,71,0.43,Physics,Hard,6,0.0
166,108,Math,4,71,0.43,Math,Hard,6,0.0
166,123,Math,4,71,0.43,Physics,Hard,6,0.0
166,119,Math,4,71,0.43,Physics,Hard,6,0.0
166,113,Math,4,71,0.43,Computer Science,Medium,6,0.0
166,103,Math,4,71,0.43,Economics,Medium,4,0.0
166,102,Math,4,71,0.43,Computer Science,Medium,6,0.5
167,114,Physics,1,75,0.52,Physics,Hard,6,0.0
167,117,Physics,1,75,0.52,Physics,Hard,6,0.0
167,112,Physics,1,75,0.52,Math,Hard,6,0.0
167,123,Physics,1,75,0.52,Physics,Hard,6,0.0
167,118,Physics,1,75,0.52,Physics,Hard,6,0.0
168,116,CS,3,72,0.56,Computer Science,Medium,6,0.0
168,112,CS,3,72,0.56,Math,Hard,6,0.0
168,102,CS,3,72,0.56,Computer Science,Medium,6,0.0
168,101,CS,3,72,0.56,Math,Hard,6,0.0
168,113,CS,3,72,0.56,Computer Science,Medium,6,0.0
168,103,CS,3,72,0.56,Economics,Medium,4,0.0
168,108,CS,3,72,0.56,Math,Hard,6,0.5
168,111,CS,3,72,0.56,Computer Science,Medium,6,0.0
169,112,CS,3,74,0.55,Math,Hard,6,0.0
169,101,CS,3,74,0.55,Math,Hard,6,0.0
169,113,CS,3,74,0.55,Computer Science,Medium,6,0.5
169,111,CS,3,74,0.55,Computer Science,Medium,6,0.0
169,102,CS,3,74,0.55,Computer Science,Medium,6,1.0
170,118,Math,4,71,0.11,Physics,Hard,6,0.0
170,108,Math,4,71,0.11,Math,Hard,6,0.0
170,116,Math,4,71,0.11,Computer Science,Medium,6,0.0
170,113,Math,4,71,0.11,Computer Science,Medium,6,0.0
170,119,Math,4,71,0.11,Physics,Hard,6,0.0
170,112,Math,4,71,0.11,Math,Hard,6,0.0
171,103,Math,3,62,0.36,Economics,Medium,4,0.0
171,123,Math,3,62,0.36,Physics,Hard,6,0.0
171,108,Math,3,62,0.36,Math,Hard,6,0.0
172,103,Physics,2,75,0.9,Economics,Medium,4,0.0
172,118,Physics,2,75,0.9,Physics,Hard,6,1.0
172,117,Physics,2,75,0.9,Physics,Hard,6,0.0
173,109,History,1,85,0.71,Philosophy,Easy,4,1.0
173,120,History,1,85,0.71,Philosophy,Easy,4,0.5
173,122,History,1,85,0.71,History,Easy,4,1.0
174,103,History,3,100,0.31,Economics,Medium,4,1.0
174,104,History,3,100,0.31,History,Easy,4,0.5
174,124,History,3,100,0.31,Philosophy,Easy,4,1.0
174,110,History,3,100,0.31,History,Easy,4,0.5
175,102,CS,2,61,0.45,Computer Science,Medium,6,0.0
175,103,CS,2,61,0.45,Economics,Medium,4,0.0
175,108,CS,2,61,0.45,Math,Hard,6,0.0
176,124,History,3,93,0.51,Philosophy,Easy,4,1.0
176,120,History,3,93,0.51,Philosophy,Easy,4,0.5
176,121,History,3,93,0.51,History,Easy,4,0.5
176,106,History,3,93,0.51,History,Easy,4,1.0
177,114,Math,1,82,0.59,Physics,Hard,6,0.0
177,103,Math,1,82,0.59,Economics,Medium,4,0.0
177,116,Math,1,82,0.59,Computer Science,Medium,6,0.0
177,118,Math,1,82,0.59,Physics,Hard,6,0.0
178,112,Physics,2,83,0.35,Math,Hard,6,0.0
178,117,Physics,2,83,0.35,Physics,Hard,6,0.0
178,119,Physics,2,83,0.35,Physics,Hard,6,0.0
178,114,Physics,2,83,0.35,Physics,Hard,6,0.0
178,118,Physics,2,83,0.35,Physics,Hard,6,0.5
178,103,Physics,2,83,0.35,Economics,Medium,4,0.0
179,112,CS,3,63,0.6,Math,Hard,6,0.0
179,113,CS,3,63,0.6,Computer Science,Medium,6,0.0
179,102,CS,3,63,0.6,Computer Science,Medium,6,0.0
179,111,CS,3,63,0.6,Computer Science,Medium,6,0.0
180,119,Physics,2,57,0.53,Physics,Hard,6,0.0
180,101,Physics,2,57,0.53,Math,Hard,6,0.0
180,118,Physics,2,57,0.53,Physics,Hard,6,0.0
180,103,Physics,2,57,0.53,Economics,Medium,4,0.0
180,112,Physics,2,57,0.53,Math,Hard,6,0.0
180,123,Physics,2,57,0.53,Physics,Hard,6,0.0
181,108,Physics,1,71,0.67,Math,Hard,6,0.5
181,101,Physics,1,71,0.67,Math,Hard,6,0.0
181,114,Physics,1,71,0.67,Physics,Hard,6,0.0
181,119,Physics,1,71,0.67,Physics,Hard,6,0.0
181,103,Physics,1,71,0.67,Economics,Medium,4,0.0
182,123,Physics,4,78,0.5,Physics,Hard,6,0.0
182,101,Physics,4,78,0.5,Math,Hard,6,0.0
182,119,Physics,4,78,0.5,Physics,Hard,6,0.0
182,114,Physics,4,78,0.5,Physics,Hard,6,0.0
182,118,Physics,4,78,0.5,Physics,Hard,6,0.5
183,102,Math,1,52,0.74,Computer Science,Medium,6,0.0
183,119,Math,1,52,0.74,Physics,Hard,6,0.0
183,118,Math,1,52,0.74,Physics,Hard,6,0.0
183,112,Math,1,52,0.74,Math,Hard,6,0.0
183,113,Math,1,52,0.74,Computer Science,Medium,6,0.0
183,101,Math,1,52,0.74,Math,Hard,6,0.0
183,111,Math,1,52,0.74,Computer Science,Medium,6,0.0
183,114,Math,1,52,0.74,Physics,Hard,6,0.0
184,109,History,4,89,0.14,Philosophy,Easy,4,1.0
184,110,History,4,89,0.14,History,Easy,4,0.5
184,104,History,4,89,0.14,History,Easy,4,1.0
184,124,History,4,89,0.14,Philosophy,Easy,4,1.0
184,120,History,4,89,0.14,Philosophy,Easy,4,1.0
184,121,History,4,89,0.14,History,Easy,4,1.0
184,115,History,4,89,0.14,History,Easy,4,0.5
184,106,History,4,89,0.14,History,Easy,4,1.0
185,111,CS,2,74,0.76,Computer Science,Medium,6,0.0
185,116,CS,2,74,0.76,Computer Science,Medium,6,0.0
185,102,CS,2,74,0.76,Computer Science,Medium,6,1.0
185,113,CS,2,74,0.76,Computer Science,Medium,6,0.5
185,103,CS,2,74,0.76,Economics,Medium,4,0.0
185,108,CS,2,74,0.76,Math,Hard,6,0.0
186,111,CS,1,73,0.18,Computer Science,Medium,6,0.0
186,102,CS,1,73,0.18,Computer Science,Medium,6,0.0
186,112,CS,1,73,0.18,Math,Hard,6,0.0
187,118,Physics,4,86,0.52,Physics,Hard,6,0.5
187,101,Physics,4,86,0.52,Math,Hard,6,0.5
187,117,Physics,4,86,0.52,Physics,Hard,6,0.0
187,119,Physics,4,86,0.52,Physics,Hard,6,0.0
187,123,Physics,4,86,0.52,Physics,Hard,6,0.5
187,108,Physics,4,86,0.52,Math,Hard,6,0.5
187,114,Physics,4,86,0.52,Physics,Hard,6,0.5
187,112,Physics,4,86,0.52,Math,Hard,6,0.5
188,113,Math,4,79,0.35,Computer Science,Medium,6,0.0
188,117,Math,4,79,0.35,Physics,Hard,6,0.0
188,116,Math,4,79,0.35,Computer Science,Medium,6,0.0
188,123,Math,4,79,0.35,Physics,Hard,6,0.0
188,118,Math,4,79,0.35,Physics,Hard,6,0.0
188,112,Math,4,79,0.35,Math,Hard,6,0.0
188,101,Math,4,79,0.35,Math,Hard,6,0.0
189,103,Physics,1,55,0.49,Economics,Medium,4,0.0
189,108,Physics,1,55,0.49,Math,Hard,6,0.0
189,101,Physics,1,55,0.49,Math,Hard,6,0.0
189,112,Physics,1,55,0.49,Math,Hard,6,0.0
189,117,Physics,1,55,0.49,Physics,Hard,6,0.0
190,111,Math,2,84,0.37,Computer Science,Medium,6,0.0
190,108,Math,2,84,0.37,Math,Hard,6,0.0
190,102,Math,2,84,0.37,Computer Science,Medium,6,1.0
190,119,Math,2,84,0.37,Physics,Hard,6,0.0
190,123,Math,2,84,0.37,Physics,Hard,6,0.0
190,113,Math,2,84,0.37,Computer Science,Medium,6,0.0
190,112,Math,2,84,0.37,Math,Hard,6,0.0
191,113,Math,3,68,0.89,Computer Science,Medium,6,1.0
191,119,Math,3,68,0.89,Physics,Hard,6,0.0
191,101,Math,3,68,0.89,Math,Hard,6,0.5
191,123,Math,3,68,0.89,Physics,Hard,6,0.0
191,116,Math,3,68,0.89,Computer Science,Medium,6,0.0
192,108,CS,1,83,0.85,Math,Hard,6,0.0
192,102,CS,1,83,0.85,Computer Science,Medium,6,1.0
192,116,CS,1,83,0.85,Computer Science,Medium,6,0.0
192,113,CS,1,83,0.85,Computer Science,Medium,6,0.5
192,111,CS,1,83,0.85,Computer Science,Medium,6,0.0
193,118,Math,3,55,0.03,Physics,Hard,6,0.0
193,114,Math,3,55,0.03,Physics,Hard,6,0.0
193,108,Math,3,55,0.03,Math,Hard,6,0.0
193,111,Math,3,55,0.03,Computer Science,Medium,6,0.0
194,116,CS,3,92,0.05,Computer Science,Medium,6,0.0
194,103,CS,3,92,0.05,Economics,Medium,4,0.5
194,113,CS,3,92,0.05,Computer Science,Medium,6,1.0
194,101,CS,3,92,0.05,Math,Hard,6,0.5
194,111,CS,3,92,0.05,Computer Science,Medium,6,0.5
194,112,CS,3,92,0.05,Math,Hard,6,0.5
194,102,CS,3,92,0.05,Computer Science,Medium,6,1.0
194,108,CS,3,92,0.05,Math,Hard,6,0.5
195,108,CS,1,50,0.54,Math,Hard,6,0.0
195,112,CS,1,50,0.54,Math,Hard,6,0.0
195,111,CS,1,50,0.54,Computer Science,Medium,6,0.0
195,101,CS,1,50,0.54,Math,Hard,6,0.0
195,102,CS,1,50,0.54,Computer Science,Medium,6,0.0
195,103,CS,1,50,0.54,Economics,Medium,4,0.0
196,114,Physics,3,61,0.82,Physics,Hard,6,0.0
196,108,Physics,3,61,0.82,Math,Hard,6,0.0
196,103,Physics,3,61,0.82,Economics,Medium,4,0.0
196,112,Physics,3,61,0.82,Math,Hard,6,0.0
196,118,Physics,3,61,0.82,Physics,Hard,6,0.0
196,101,Physics,3,61,0.82,Math,Hard,6,0.0
196,119,Physics,3,61,0.82,Physics,Hard,6,0.0
197,111,Math,3,67,0.53,Computer Science,Medium,6,0.0
197,113,Math,3,67,0.53,Computer Science,Medium,6,0.0
197,119,Math,3,67,0.53,Physics,Hard,6,0.0
197,117,Math,3,67,0.53,Physics,Hard,6,0.0
198,108,Physics,2,79,0.6,Math,Hard,6,0.0
198,117,Physics,2,79,0.6,Physics,Hard,6,0.0
198,123,Physics,2,79,0.6,Physics,Hard,6,0.0
198,103,Physics,2,79,0.6,Economics,Medium,4,0.0
198,119,Physics,2,79,0.6,Physics,Hard,6,0.0
199,101,Physics,4,73,0.28,Math,Hard,6,0.0
199,114,Physics,4,73,0.28,Physics,Hard,6,0.0
199,123,Physics,4,73,0.28,Physics,Hard,6,0.0
199,108,Physics,4,73,0.28,Math,Hard,6,0.0
199,118,Physics,4,73,0.28,Physics,Hard,6,0.0
199,119,Physics,4,73,0.28,Physics,Hard,6,0.0
199,112,Physics,4,73,0.28,Math,Hard,6,0.0
199,117,Physics,4,73,0.28,Physics,Hard,6,0.0
200,101,Physics,2,73,0.74,Math,Hard,6,0.0
200,114,Physics,2,73,0.74,Physics,Hard,6,0.0
200,123,Physics,2,73,0.74,Physics,Hard,6,0.0
200,118,Physics,2,73,0.74,Physics,Hard,6,0.5
200,119,Physics,2,73,0.74,Physics,Hard,6,0.0
200,117,Physics,2,73,0.74,Physics,Hard,6,0.0
201,117,Physics,2,72,0.13,Physics,Hard,6,0.0
201,101,Physics,2,72,0.13,Math,Hard,6,0.0
201,114,Physics,2,72,0.13,Physics,Hard,6,0.0
201,112,Physics,2,72,0.13,Math,Hard,6,0.0
201,108,Physics,2,72,0.13,Math,Hard,6,0.0
202,118,Math,1,59,0.72,Physics,Hard,6,0.0
202,113,Math,1,59,0.72,Computer Science,Medium,6,0.0
202,117,Math,1,59,0.72,Physics,Hard,6,0.0
202,119,Math,1,59,0.72,Physics,Hard,6,0.0
202,101,Math,1,59,0.72,Math,Hard,6,0.0
202,123,Math,1,59,0.72,Physics,Hard,6,0.0
202,108,Math,1,59,0.72,Math,Hard,6,0.0
202,114,Math,1,59,0.72,Physics,Hard,6,0.0
203,108,Physics,3,71,0.37,Math,Hard,6,0.0
203,123,Physics,3,71,0.37,Physics,Hard,6,0.0
203,112,Physics,3,71,0.37,Math,Hard,6,0.0
203,103,Physics,3,71,0.37,Economics,Medium,4,0.0
204,117,Math,3,89,0.6,Physics,Hard,6,0.5
204,111,Math,3,89,0.6,Computer Science,Medium,6,0.5
204,113,Math,3,89,0.6,Computer Science,Medium,6,1.0
204,108,Math,3,89,0.6,Math,Hard,6,0.5
204,102,Math,3,89,0.6,Computer Science,Medium,6,1.0
204,119,Math,3,89,0.6,Physics,Hard,6,0.5
204,114,Math,3,89,0.6,Physics,Hard,6,0.0
205,118,Math,2,76,0.77,Physics,Hard,6,0.0
205,123,Math,2,76,0.77,Physics,Hard,6,0.0
205,116,Math,2,76,0.77,Computer Science,Medium,6,0.0
205,108,Math,2,76,0.77,Math,Hard,6,0.0
205,113,Math,2,76,0.77,Computer Science,Medium,6,0.5
205,102,Math,2,76,0.77,Computer Science,Medium,6,1.0
206,113,CS,4,61,0.28,Computer Science,Medium,6,0.0
206,102,CS,4,61,0.28,Computer Science,Medium,6,1.0
206,112,CS,4,61,0.28,Math,Hard,6,0.0
206,111,CS,4,61,0.28,Computer Science,Medium,6,0.0
206,103,CS,4,61,0.28,Economics,Medium,4,0.0
206,108,CS,4,61,0.28,Math,Hard,6,0.0
207,102,CS,2,64,0.51,Computer Science,Medium,6,0.0
207,108,CS,2,64,0.51,Math,Hard,6,0.0
207,101,CS,2,64,0.51,Math,Hard,6,0.0
207,113,CS,2,64,0.51,Computer Science,Medium,6,0.0
207,111,CS,2,64,0.51,Computer Science,Medium,6,0.0
207,103,CS,2,64,0.51,Economics,Medium,4,0.0
207,112,CS,2,64,0.51,Math,Hard,6,0.0
207,116,CS,2,64,0.51,Computer Science,Medium,6,0.0
208,108,CS,2,66,0.55,Math,Hard,6,0.0
208,101,CS,2,66,0.55,Math,Hard,6,0.0
208,116,CS,2,66,0.55,Computer Science,Medium,6,0.0
209,123,Physics,1,65,0.54,Physics,Hard,6,0.0
209,119,Physics,1,65,0.54,Physics,Hard,6,0.0
209,103,Physics,1,65,0.54,Economics,Medium,4,0.0
209,108,Physics,1,65,0.54,Math,Hard,6,0.5
209,114,Physics,1,65,0.54,Physics,Hard,6,0.0
209,117,Physics,1,65,0.54,Physics,Hard,6,0.0
209,118,Physics,1,65,0.54,Physics,Hard,6,0.0
210,114,Physics,1,55,0.21,Physics,Hard,6,0.0
210,103,Physics,1,55,0.21,Economics,Medium,4,0.0
210,119,Physics,1,55,0.21,Physics,Hard,6,0.0
211,107,History,1,82,0.36,History,Easy,4,1.0
211,106,History,1,82,0.36,History,Easy,4,1.0
211,121,History,1,82,0.36,History,Easy,4,0.5
211,115,History,1,82,0.36,History,Easy,4,0.5
212,115,History,2,100,0.33,History,Easy,4,0.5
212,105,History,2,100,0.33,History,Easy,4,1.0
212,109,History,2,100,0.33,Philosophy,Easy,4,1.0
212,122,History,2,100,0.33,History,Easy,4,1.0
212,120,History,2,100,0.33,Philosophy,Easy,4,1.0
212,124,History,2,100,0.33,Philosophy,Easy,4,0.5
213,116,Math,1,78,0.77,Computer Science,Medium,6,0.0
213,113,Math,1,78,0.77,Computer Science,Medium,6,0.5
213,118,Math,1,78,0.77,Physics,Hard,6,0.0
213,119,Math,1,78,0.77,Physics,Hard,6,0.0
213,103,Math,1,78,0.77,Economics,Medium,4,0.0
214,109,History,4,97,0.23,Philosophy,Easy,4,1.0
214,115,History,4,97,0.23,History,Easy,4,0.5
214,120,History,4,97,0.23,Philosophy,Easy,4,1.0
214,107,History,4,97,0.23,History,Easy,4,1.0
214,103,History,4,97,0.23,Economics,Medium,4,0.5
214,122,History,4,97,0.23,History,Easy,4,1.0
214,106,History,4,97,0.23,History,Easy,4,0.5
215,124,History,2,95,0.51,Philosophy,Easy,4,0.5
215,109,History,2,95,0.51,Philosophy,Easy,4,1.0
215,105,History,2,95,0.51,History,Easy,4,1.0
215,115,History,2,95,0.51,History,Easy,4,1.0
215,110,History,2,95,0.51,History,Easy,4,1.0
215,121,History,2,95,0.51,History,Easy,4,1.0
215,122,History,2,95,0.51,History,Easy,4,1.0
216,113,CS,1,69,0.7,Computer Science,Medium,6,0.0
216,112,CS,1,69,0.7,Math,Hard,6,0.0
216,111,CS,1,69,0.7,Computer Science,Medium,6,0.0
216,108,CS,1,69,0.7,Math,Hard,6,0.0
216,102,CS,1,69,0.7,Computer Science,Medium,6,1.0
217,103,CS,3,89,0.26,Economics,Medium,4,1.0
217,102,CS,3,89,0.26,Computer Science,Medium,6,0.5
217,113,CS,3,89,0.26,Computer Science,Medium,6,0.5
217,111,CS,3,89,0.26,Computer Science,Medium,6,0.5
217,112,CS,3,89,0.26,Math,Hard,6,0.5
217,116,CS,3,89,0.26,Computer Science,Medium,6,0.5
217,101,CS,3,89,0.26,Math,Hard,6,0.0
217,108,CS,3,89,0.26,Math,Hard,6,0.5
218,118,Math,1,64,0.82,Physics,Hard,6,0.0
218,116,Math,1,64,0.82,Computer Science,Medium,6,0.0
218,111,Math,1,64,0.82,Computer Science,Medium,6,0.0
219,112,Math,3,76,0.07,Math,Hard,6,0.0
219,123,Math,3,76,0.07,Physics,Hard,6,0.0
219,117,Math,3,76,0.07,Physics,Hard,6,0.0
219,103,Math,3,76,0.07,Economics,Medium,4,0.0
219,116,Math,3,76,0.07,Computer Science,Medium,6,0.0
219,114,Math,3,76,0.07,Physics,Hard,6,0.0
219,108,Math,3,76,0.07,Math,Hard,6,0.5
219,113,Math,3,76,0.07,Computer Science,Medium,6,0.5
220,103,CS,3,71,0.45,Economics,Medium,4,0.0
220,102,CS,3,71,0.45,Computer Science,Medium,6,0.5
220,113,CS,3,71,0.45,Computer Science,Medium,6,0.5
220,108,CS,3,71,0.45,Math,Hard,6,0.0
220,112,CS,3,71,0.45,Math,Hard,6,0.0
220,116,CS,3,71,0.45,Computer Science,Medium,6,0.0
220,111,CS,3,71,0.45,Computer Science,Medium,6,0.0
221,116,CS,4,85,0.64,Computer Science,Medium,6,0.0
221,111,CS,4,85,0.64,Computer Science,Medium,6,0.0
221,108,CS,4,85,0.64,Math,Hard,6,0.0
221,102,CS,4,85,0.64,Computer Science,Medium,6,1.0
221,113,CS,4,85,0.64,Computer Science,Medium,6,1.0
221,112,CS,4,85,0.64,Math,Hard,6,0.0
221,101,CS,4,85,0.64,Math,Hard,6,0.0
222,108,CS,4,83,0.12,Math,Hard,6,0.0
222,101,CS,4,83,0.12,Math,Hard,6,0.0
222,112,CS,4,83,0.12,Math,Hard,6,0.0
222,116,CS,4,83,0.12,Computer Science,Medium,6,0.0
222,102,CS,4,83,0.12,Computer Science,Medium,6,0.0
222,103,CS,4,83,0.12,Economics,Medium,4,0.0
223,107,History,2,67,0.57,History,Easy,4,1.0
223,122,History,2,67,0.57,History,Easy,4,0.0
223,106,History,2,67,0.57,History,Easy,4,1.0
223,104,History,2,67,0.57,History,Easy,4,1.0
223,105,History,2,67,0.57,History,Easy,4,1.0
223,109,History,2,67,0.57,Philosophy,Easy,4,0.5
224,119,Math,3,63,0.76,Physics,Hard,6,0.0
224,123,Math,3,63,0.76,Physics,Hard,6,0.0
224,117,Math,3,63,0.76,Physics,Hard,6,0.0
224,111,Math,3,63,0.76,Computer Science,Medium,6,0.0
224,118,Math,3,63,0.76,Physics,Hard,6,0.0
224,103,Math,3,63,0.76,Economics,Medium,4,0.0
224,108,Math,3,63,0.76,Math,Hard,6,0.0
224,116,Math,3,63,0.76,Computer Science,Medium,6,0.0
225,102,CS,1,85,0.25,Computer Science,Medium,6,0.0
225,108,CS,1,85,0.25,Math,Hard,6,0.0
225,112,CS,1,85,0.25,Math,Hard,6,1.0
225,113,CS,1,85,0.25,Computer Science,Medium,6,1.0
225,116,CS,1,85,0.25,Computer Science,Medium,6,0.0
225,101,CS,1,85,0.25,Math,Hard,6,0.0
225,103,CS,1,85,0.25,Economics,Medium,4,0.0
225,111,CS,1,85,0.25,Computer Science,Medium,6,0.0
226,110,History,3,92,0.68,History,Easy,4,1.0
226,104,History,3,92,0.68,History,Easy,4,0.5
226,124,History,3,92,0.68,Philosophy,Easy,4,1.0
226,106,History,3,92,0.68,History,Easy,4,1.0
226,109,History,3,92,0.68,Philosophy,Easy,4,1.0
227,106,History,2,87,0.69,History,Easy,4,1.0
227,110,History,2,87,0.69,History,Easy,4,1.0
227,115,History,2,87,0.69,History,Easy,4,1.0
227,105,History,2,87,0.69,History,Easy,4,1.0
228,118,Physics,3,64,0.81,Physics,Hard,6,0.0
228,117,Physics,3,64,0.81,Physics,Hard,6,0.0
228,119,Physics,3,64,0.81,Physics,Hard,6,0.0
228,103,Physics,3,64,0.81,Economics,Medium,4,0.0
229,113,CS,3,88,0.89,Computer Science,Medium,6,0.5
229,102,CS,3,88,0.89,Computer Science,Medium,6,1.0
229,103,CS,3,88,0.89,Economics,Medium,4,0.5
229,108,CS,3,88,0.89,Math,Hard,6,0.5
229,111,CS,3,88,0.89,Computer Science,Medium,6,1.0
229,112,CS,3,88,0.89,Math,Hard,6,0.5
229,116,CS,3,88,0.89,Computer Science,Medium,6,0.5
230,110,History,2,91,0.31,History,Easy,4,1.0
230,115,History,2,91,0.31,History,Easy,4,1.0
230,107,History,2,91,0.31,History,Easy,4,1.0
231,110,History,1,87,0.78,History,Easy,4,1.0
231,122,History,1,87,0.78,History,Easy,4,0.5
231,105,History,1,87,0.78,History,Easy,4,1.0
232,111,Math,2,79,0.82,Computer Science,Medium,6,0.0
232,117,Math,2,79,0.82,Physics,Hard,6,0.0
232,108,Math,2,79,0.82,Math,Hard,6,0.0
233,110,History,2,100,0.18,History,Easy,4,1.0
233,104,History,2,100,0.18,History,Easy,4,1.0
233,122,History,2,100,0.18,History,Easy,4,0.5
233,109,History,2,100,0.18,Philosophy,Easy,4,1.0
233,105,History,2,100,0.18,History,Easy,4,1.0
233,107,History,2,100,0.18,History,Easy,4,1.0
233,121,History,2,100,0.18,History,Easy,4,1.0
233,124,History,2,100,0.18,Philosophy,Easy,4,1.0
234,123,Math,1,64,0.52,Physics,Hard,6,0.0
234,116,Math,1,64,0.52,Computer Science,Medium,6,0.0
234,119,Math,1,64,0.52,Physics,Hard,6,0.0
234,101,Math,1,64,0.52,Math,Hard,6,0.0
234,102,Math,1,64,0.52,Computer Science,Medium,6,0.0
234,114,Math,1,64,0.52,Physics,Hard,6,0.0
234,113,Math,1,64,0.52,Computer Science,Medium,6,0.0
235,123,Physics,1,65,0.71,Physics,Hard,6,0.0
235,117,Physics,1,65,0.71,Physics,Hard,6,0.0
235,119,Physics,1,65,0.71,Physics,Hard,6,0.0
235,118,Physics,1,65,0.71,Physics,Hard,6,0.0
235,114,Physics,1,65,0.71,Physics,Hard,6,0.0
235,112,Physics,1,65,0.71,Math,Hard,6,0.0
235,101,Physics,1,65,0.71,Math,Hard,6,0.5
235,103,Physics,1,65,0.71,Economics,Medium,4,0.0
236,102,CS,1,83,0.51,Computer Science,Medium,6,0.0
236,112,CS,1,83,0.51,Math,Hard,6,0.0
236,116,CS,1,83,0.51,Computer Science,Medium,6,0.0
236,111,CS,1,83,0.51,Computer Science,Medium,6,0.0
236,108,CS,1,83,0.51,Math,Hard,6,0.0
236,113,CS,1,83,0.51,Computer Science,Medium,6,0.0
236,103,CS,1,83,0.51,Economics,Medium,4,0.0
237,108,CS,3,74,0.52,Math,Hard,6,0.0
237,102,CS,3,74,0.52,Computer Science,Medium,6,0.0
237,112,CS,3,74,0.52,Math,Hard,6,0.0
238,103,Physics,2,69,0.72,Economics,Medium,4,0.0
238,118,Physics,2,69,0.72,Physics,Hard,6,0.5
238,101,Physics,2,69,0.72,Math,Hard,6,0.0
238,117,Physics,2,69,0.72,Physics,Hard,6,0.0
238,119,Physics,2,69,0.72,Physics,Hard,6,0.0
238,114,Physics,2,69,0.72,Physics,Hard,6,0.0
239,111,CS,3,65,0.29,Computer Science,Medium,6,0.0
239,108,CS,3,65,0.29,Math,Hard,6,0.0
239,103,CS,3,65,0.29,Economics,Medium,4,0.0
239,116,CS,3,65,0.29,Computer Science,Medium,6,0.0
239,101,CS,3,65,0.29,Math,Hard,6,0.0
239,113,CS,3,65,0.29,Computer Science,Medium,6,0.0
239,112,CS,3,65,0.29,Math,Hard,6,0.0
239,102,CS,3,65,0.29,Computer Science,Medium,6,0.0
240,102,Math,4,77,0.83,Computer Science,Medium,6,0.5
240,101,Math,4,77,0.83,Math,Hard,6,0.0
240,116,Math,4,77,0.83,Computer Science,Medium,6,0.0
240,103,Math,4,77,0.83,Economics,Medium,4,1.0
240,117,Math,4,77,0.83,Physics,Hard,6,0.0
240,118,Math,4,77,0.83,Physics,Hard,6,0.0
241,119,Physics,3,75,0.69,Physics,Hard,6,0.0
241,101,Physics,3,75,0.69,Math,Hard,6,0.0
241,118,Physics,3,75,0.69,Physics,Hard,6,0.0
242,113,CS,1,72,0.32,Computer Science,Medium,6,0.5
242,111,CS,1,72,0.32,Computer Science,Medium,6,0.0
242,116,CS,1,72,0.32,Computer Science,Medium,6,0.0
242,102,CS,1,72,0.32,Computer Science,Medium,6,0.5
243,117,Physics,1,59,0.47,Physics,Hard,6,0.0
243,118,Physics,1,59,0.47,Physics,Hard,6,0.0
243,101,Physics,1,59,0.47,Math,Hard,6,0.0
243,119,Physics,1,59,0.47,Physics,Hard,6,0.0
243,114,Physics,1,59,0.47,Physics,Hard,6,0.0
243,112,Physics,1,59,0.47,Math,Hard,6,0.0
243,123,Physics,1,59,0.47,Physics,Hard,6,0.0
243,108,Physics,1,59,0.47,Math,Hard,6,0.0
244,111,Math,3,92,0.56,Computer Science,Medium,6,1.0
244,113,Math,3,92,0.56,Computer Science,Medium,6,1.0
244,117,Math,3,92,0.56,Physics,Hard,6,0.5
244,114,Math,3,92,0.56,Physics,Hard,6,0.5
244,119,Math,3,92,0.56,Physics,Hard,6,0.5
245,117,Physics,2,80,0.66,Physics,Hard,6,0.0
245,118,Physics,2,80,0.66,Physics,Hard,6,0.0
245,112,Physics,2,80,0.66,Math,Hard,6,0.0
245,114,Physics,2,80,0.66,Physics,Hard,6,0.0
246,108,CS,3,100,0.68,Math,Hard,6,0.0
246,116,CS,3,100,0.68,Computer Science,Medium,6,1.0
246,113,CS,3,100,0.68,Computer Science,Medium,6,1.0
246,102,CS,3,100,0.68,Computer Science,Medium,6,1.0
246,101,CS,3,100,0.68,Math,Hard,6,0.0
246,103,CS,3,100,0.68,Economics,Medium,4,0.5
247,114,Physics,1,66,0.86,Physics,Hard,6,0.0
247,103,Physics,1,66,0.86,Economics,Medium,4,0.0
247,119,Physics,1,66,0.86,Physics,Hard,6,0.0
247,117,Physics,1,66,0.86,Physics,Hard,6,0.0
247,112,Physics,1,66,0.86,Math,Hard,6,0.0
247,108,Physics,1,66,0.86,Math,Hard,6,0.0
247,118,Physics,1,66,0.86,Physics,Hard,6,0.0
248,102,CS,1,72,0.51,Computer Science,Medium,6,0.5
248,112,CS,1,72,0.51,Math,Hard,6,0.0
248,116,CS,1,72,0.51,Computer Science,Medium,6,0.0
248,108,CS,1,72,0.51,Math,Hard,6,0.0
248,111,CS,1,72,0.51,Computer Science,Medium,6,0.0
248,113,CS,1,72,0.51,Computer Science,Medium,6,0.0
248,101,CS,1,72,0.51,Math,Hard,6,0.0
249,123,Math,3,70,0.31,Physics,Hard,6,0.0
249,118,Math,3,70,0.31,Physics,Hard,6,0.0
249,111,Math,3,70,0.31,Computer Science,Medium,6,0.0
249,103,Math,3,70,0.31,Economics,Medium,4,0.0
250,104,History,4,92,0.69,History,Easy,4,1.0
250,121,History,4,92,0.69,History,Easy,4,1.0
250,110,History,4,92,0.69,History,Easy,4,0.5
250,120,History,4,92,0.69,Philosophy,Easy,4,1.0
250,124,History,4,92,0.69,Philosophy,Easy,4,1.0
250,106,History,4,92,0.69,History,Easy,4,1.0
250,103,History,4,92,0.69,Economics,Medium,4,1.0
251,106,History,4,92,0.16,History,Easy,4,1.0
251,105,History,4,92,0.16,History,Easy,4,1.0
251,120,History,4,92,0.16,Philosophy,Easy,4,1.0
251,121,History,4,92,0.16,History,Easy,4,0.5
252,119,Physics,3,83,0.15,Physics,Hard,6,0.0
252,123,Physics,3,83,0.15,Physics,Hard,6,0.0
252,114,Physics,3,83,0.15,Physics,Hard,6,0.0
252,101,Physics,3,83,0.15,Math,Hard,6,0.0
252,118,Physics,3,83,0.15,Physics,Hard,6,0.0
253,123,Physics,1,72,0.65,Physics,Hard,6,0.0
253,103,Physics,1,72,0.65,Economics,Medium,4,0.0
253,117,Physics,1,72,0.65,Physics,Hard,6,0.0
254,113,Math,4,80,0.64,Computer Science,Medium,6,0.0
254,116,Math,4,80,0.64,Computer Science,Medium,6,0.0
254,114,Math,4,80,0.64,Physics,Hard,6,0.0
254,103,Math,4,80,0.64,Economics,Medium,4,0.0
255,111,CS,1,80,0.81,Computer Science,Medium,6,0.0
255,103,CS,1,80,0.81,Economics,Medium,4,0.0
255,113,CS,1,80,0.81,Computer Science,Medium,6,1.0
255,116,CS,1,80,0.81,Computer Science,Medium,6,0.0
256,101,Physics,3,87,0.61,Math,Hard,6,0.5
256,118,Physics,3,87,0.61,Physics,Hard,6,0.5
256,119,Physics,3,87,0.61,Physics,Hard,6,1.0
256,123,Physics,3,87,0.61,Physics,Hard,6,0.5
256,112,Physics,3,87,0.61,Math,Hard,6,0.5
256,114,Physics,3,87,0.61,Physics,Hard,6,0.5
256,108,Physics,3,87,0.61,Math,Hard,6,1.0
256,117,Physics,3,87,0.61,Physics,Hard,6,0.5
257,103,Physics,1,53,0.19,Economics,Medium,4,0.0
257,117,Physics,1,53,0.19,Physics,Hard,6,0.0
257,114,Physics,1,53,0.19,Physics,Hard,6,0.0
257,123,Physics,1,53,0.19,Physics,Hard,6,0.0
257,108,Physics,1,53,0.19,Math,Hard,6,0.0
257,112,Physics,1,53,0.19,Math,Hard,6,0.0
257,118,Physics,1,53,0.19,Physics,Hard,6,0.0
257,119,Physics,1,53,0.19,Physics,Hard,6,0.0
258,113,CS,1,76,0.05,Computer Science,Medium,6,0.5
258,102,CS,1,76,0.05,Computer Science,Medium,6,0.5
258,108,CS,1,76,0.05,Math,Hard,6,0.0
259,114,Physics,1,69,0.83,Physics,Hard,6,0.0
259,101,Physics,1,69,0.83,Math,Hard,6,0.0
259,103,Physics,1,69,0.83,Economics,Medium,4,0.0
259,118,Physics,1,69,0.83,Physics,Hard,6,0.0
259,117,Physics,1,69,0.83,Physics,Hard,6,0.0
260,110,History,1,89,0.7,History,Easy,4,1.0
260,122,History,1,89,0.7,History,Easy,4,1.0
260,109,History,1,89,0.7,Philosophy,Easy,4,0.5
260,115,History,1,89,0.7,History,Easy,4,0.5
260,120,History,1,89,0.7,Philosophy,Easy,4,0.5
260,104,History,1,89,0.7,History,Easy,4,1.0
261,111,CS,3,56,0.8,Computer Science,Medium,6,0.0
261,112,CS,3,56,0.8,Math,Hard,6,0.0
261,116,CS,3,56,0.8,Computer Science,Medium,6,0.0
261,101,CS,3,56,0.8,Math,Hard,6,0.0
261,113,CS,3,56,0.8,Computer Science,Medium,6,0.0
261,102,CS,3,56,0.8,Computer Science,Medium,6,0.5
261,103,CS,3,56,0.8,Economics,Medium,4,0.0
261,108,CS,3,56,0.8,Math,Hard,6,0.0
262,106,History,2,97,0.63,History,Easy,4,0.5
262,109,History,2,97,0.63,Philosophy,Easy,4,1.0
262,121,History,2,97,0.63,History,Easy,4,1.0
262,105,History,2,97,0.63,History,Easy,4,1.0
263,101,Math,4,81,0.14,Math,Hard,6,0.0
263,103,Math,4,81,0.14,Economics,Medium,4,0.0
263,102,Math,4,81,0.14,Computer Science,Medium,6,0.0
263,113,Math,4,81,0.14,Computer Science,Medium,6,0.0
263,112,Math,4,81,0.14,Math,Hard,6,0.0
263,123,Math,4,81,0.14,Physics,Hard,6,0.0
263,111,Math,4,81,0.14,Computer Science,Medium,6,0.0
264,102,CS,3,100,0.26,Computer Science,Medium,6,0.5
264,101,CS,3,100,0.26,Math,Hard,6,0.5
264,111,CS,3,100,0.26,Computer Science,Medium,6,1.0
264,113,CS,3,100,0.26,Computer Science,Medium,6,0.5
264,112,CS,3,100,0.26,Math,Hard,6,0.5
264,108,CS,3,100,0.26,Math,Hard,6,0.5
264,103,CS,3,100,0.26,Economics,Medium,4,1.0
265,119,Physics,1,66,0.61,Physics,Hard,6,0.0
265,103,Physics,1,66,0.61,Economics,Medium,4,0.0
265,114,Physics,1,66,0.61,Physics,Hard,6,0.0
265,108,Physics,1,66,0.61,Math,Hard,6,0.0
265,117,Physics,1,66,0.61,Physics,Hard,6,0.0
265,101,Physics,1,66,0.61,Math,Hard,6,0.0
266,123,Physics,4,74,0.29,Physics,Hard,6,0.0
266,114,Physics,4,74,0.29,Physics,Hard,6,0.0
266,112,Physics,4,74,0.29,Math,Hard,6,0.0
267,108,Physics,1,73,0.49,Math,Hard,6,0.0
267,114,Physics,1,73,0.49,Physics,Hard,6,0.0
267,123,Physics,1,73,0.49,Physics,Hard,6,0.0
267,119,Physics,1,73,0.49,Physics,Hard,6,0.0
267,103,Physics,1,73,0.49,Economics,Medium,4,0.0
268,119,Physics,3,73,0.63,Physics,Hard,6,0.0
268,108,Physics,3,73,0.63,Math,Hard,6,0.0
268,101,Physics,3,73,0.63,Math,Hard,6,0.0
268,123,Physics,3,73,0.63,Physics,Hard,6,0.0
268,117,Physics,3,73,0.63,Physics,Hard,6,0.0
268,103,Physics,3,73,0.63,Economics,Medium,4,0.0
268,114,Physics,3,73,0.63,Physics,Hard,6,0.0
269,103,Physics,4,93,0.3,Economics,Medium,4,1.0
269,119,Physics,4,93,0.3,Physics,Hard,6,0.0
269,123,Physics,4,93,0.3,Physics,Hard,6,0.0
269,112,Physics,4,93,0.3,Math,Hard,6,0.5
269,118,Physics,4,93,0.3,Physics,Hard,6,0.5
269,117,Physics,4,93,0.3,Physics,Hard,6,0.5
269,114,Physics,4,93,0.3,Physics,Hard,6,0.5
270,115,History,1,92,0.71,History,Easy,4,1.0
270,121,History,1,92,0.71,History,Easy,4,1.0
270,122,History,1,92,0.71,History,Easy,4,1.0
270,104,History,1,92,0.71,History,Easy,4,1.0
270,106,History,1,92,0.71,History,Easy,4,0.5
270,124,History,1,92,0.71,Philosophy,Easy,4,1.0
271,119,Physics,1,69,0.31,Physics,Hard,6,0.0
271,112,Physics,1,69,0.31,Math,Hard,6,0.0
271,108,Physics,1,69,0.31,Math,Hard,6,0.0
271,118,Physics,1,69,0.31,Physics,Hard,6,0.0
271,123,Physics,1,69,0.31,Physics,Hard,6,0.0
272,115,History,1,85,0.44,History,Easy,4,0.0
272,124,History,1,85,0.44,Philosophy,Easy,4,0.5
272,105,History,1,85,0.44,History,Easy,4,1.0
272,104,History,1,85,0.44,History,Easy,4,1.0
272,109,History,1,85,0.44,Philosophy,Easy,4,1.0
272,120,History,1,85,0.44,Philosophy,Easy,4,0.0
272,107,History,1,85,0.44,History,Easy,4,1.0
273,116,CS,2,87,0.87,Computer Science,Medium,6,1.0
273,113,CS,2,87,0.87,Computer Science,Medium,6,0.5
273,101,CS,2,87,0.87,Math,Hard,6,0.0
273,112,CS,2,87,0.87,Math,Hard,6,0.5
273,108,CS,2,87,0.87,Math,Hard,6,0.5
273,102,CS,2,87,0.87,Computer Science,Medium,6,1.0
273,111,CS,2,87,0.87,Computer Science,Medium,6,0.5
273,103,CS,2,87,0.87,Economics,Medium,4,0.5
274,115,History,2,86,0.81,History,Easy,4,1.0
274,106,History,2,86,0.81,History,Easy,4,1.0
274,105,History,2,86,0.81,History,Easy,4,1.0
274,109,History,2,86,0.81,Philosophy,Easy,4,0.5
274,121,History,2,86,0.81,History,Easy,4,1.0
274,110,History,2,86,0.81,History,Easy,4,1.0
274,104,History,2,86,0.81,History,Easy,4,0.5
274,107,History,2,86,0.81,History,Easy,4,0.0
275,119,Math,1,60,0.66,Physics,Hard,6,0.0
275,103,Math,1,60,0.66,Economics,Medium,4,0.0
275,114,Math,1,60,0.66,Physics,Hard,6,0.0
275,108,Math,1,60,0.66,Math,Hard,6,0.0
275,113,Math,1,60,0.66,Computer Science,Medium,6,0.0
275,102,Math,1,60,0.66,Computer Science,Medium,6,0.0
276,111,Math,2,71,0.72,Computer Science,Medium,6,0.0
276,114,Math,2,71,0.72,Physics,Hard,6,0.0
276,101,Math,2,71,0.72,Math,Hard,6,0.0
276,102,Math,2,71,0.72,Computer Science,Medium,6,1.0
276,118,Math,2,71,0.72,Physics,Hard,6,0.0
276,117,Math,2,71,0.72,Physics,Hard,6,0.0
276,108,Math,2,71,0.72,Math,Hard,6,0.0
277,118,Physics,4,74,0.33,Physics,Hard,6,0.0
277,112,Physics,4,74,0.33,Math,Hard,6,0.0
277,114,Physics,4,74,0.33,Physics,Hard,6,0.0
277,119,Physics,4,74,0.33,Physics,Hard,6,0.0
277,101,Physics,4,74,0.33,Math,Hard,6,0.0
277,117,Physics,4,74,0.33,Physics,Hard,6,0.0
277,123,Physics,4,74,0.33,Physics,Hard,6,0.0
278,105,History,4,66,0.69,History,Easy,4,0.0
278,107,History,4,66,0.69,History,Easy,4,1.0
278,115,History,4,66,0.69,History,Easy,4,0.0
278,104,History,4,66,0.69,History,Easy,4,0.5
279,108,Math,3,65,0.41,Math,Hard,6,0.0
279,116,Math,3,65,0.41,Computer Science,Medium,6,0.0
279,114,Math,3,65,0.41,Physics,Hard,6,0.0
279,113,Math,3,65,0.41,Computer Science,Medium,6,0.0
279,102,Math,3,65,0.41,Computer Science,Medium,6,0.0
279,117,Math,3,65,0.41,Physics,Hard,6,0.0
279,101,Math,3,65,0.41,Math,Hard,6,0.0
280,101,CS,2,66,0.28,Math,Hard,6,0.0
280,103,CS,2,66,0.28,Economics,Medium,4,0.0
280,102,CS,2,66,0.28,Computer Science,Medium,6,0.0
280,111,CS,2,66,0.28,Computer Science,Medium,6,0.0
280,116,CS,2,66,0.28,Computer Science,Medium,6,0.0
280,113,CS,2,66,0.28,Computer Science,Medium,6,0.0
280,108,CS,2,66,0.28,Math,Hard,6,0.0
281,118,Physics,1,79,0.51,Physics,Hard,6,1.0
281,103,Physics,1,79,0.51,Economics,Medium,4,0.0
281,112,Physics,1,79,0.51,Math,Hard,6,0.0
281,101,Physics,1,79,0.51,Math,Hard,6,0.0
281,114,Physics,1,79,0.51,Physics,Hard,6,0.0
281,117,Physics,1,79,0.51,Physics,Hard,6,0.0
282,107,History,2,94,0.48,History,Easy,4,0.5
282,104,History,2,94,0.48,History,Easy,4,1.0
282,106,History,2,94,0.48,History,Easy,4,1.0
282,122,History,2,94,0.48,History,Easy,4,1.0
282,110,History,2,94,0.48,History,Easy,4,1.0
282,105,History,2,94,0.48,History,Easy,4,1.0
282,121,History,2,94,0.48,History,Easy,4,0.5
283,102,Math,3,78,0.42,Computer Science,Medium,6,0.0
283,116,Math,3,78,0.42,Computer Science,Medium,6,0.0
283,113,Math,3,78,0.42,Computer Science,Medium,6,0.0
283,101,Math,3,78,0.42,Math,Hard,6,0.0
283,117,Math,3,78,0.42,Physics,Hard,6,0.0
283,119,Math,3,78,0.42,Physics,Hard,6,0.0
283,118,Math,3,78,0.42,Physics,Hard,6,0.0
284,116,CS,4,73,0.14,Computer Science,Medium,6,0.0
284,108,CS,4,73,0.14,Math,Hard,6,0.0
284,112,CS,4,73,0.14,Math,Hard,6,0.0
284,102,CS,4,73,0.14,Computer Science,Medium,6,1.0
284,111,CS,4,73,0.14,Computer Science,Medium,6,0.0
285,119,Physics,4,88,0.71,Physics,Hard,6,0.0
285,101,Physics,4,88,0.71,Math,Hard,6,0.0
285,103,Physics,4,88,0.71,Economics,Medium,4,1.0
285,114,Physics,4,88,0.71,Physics,Hard,6,0.0
285,123,Physics,4,88,0.71,Physics,Hard,6,1.0
286,119,Physics,3,70,0.74,Physics,Hard,6,0.0
286,123,Physics,3,70,0.74,Physics,Hard,6,0.0
286,103,Physics,3,70,0.74,Economics,Medium,4,0.0
286,117,Physics,3,70,0.74,Physics,Hard,6,0.0
286,112,Physics,3,70,0.74,Math,Hard,6,0.0
286,101,Physics,3,70,0.74,Math,Hard,6,0.0
286,118,Physics,3,70,0.74,Physics,Hard,6,0.5
287,117,Physics,4,56,0.63,Physics,Hard,6,0.0
287,119,Physics,4,56,0.63,Physics,Hard,6,0.0
287,101,Physics,4,56,0.63,Math,Hard,6,0.0
287,112,Physics,4,56,0.63,Math,Hard,6,0.0
287,118,Physics,4,56,0.63,Physics,Hard,6,0.5
287,114,Physics,4,56,0.63,Physics,Hard,6,0.0
287,108,Physics,4,56,0.63,Math,Hard,6,0.0
288,115,History,1,83,0.47,History,Easy,4,0.5
288,106,History,1,83,0.47,History,Easy,4,1.0
288,105,History,1,83,0.47,History,Easy,4,1.0
288,107,History,1,83,0.47,History,Easy,4,1.0
288,104,History,1,83,0.47,History,Easy,4,0.0
288,122,History,1,83,0.47,History,Easy,4,1.0
288,110,History,1,83,0.47,History,Easy,4,0.5
288,121,History,1,83,0.47,History,Easy,4,1.0
289,102,CS,4,74,0.53,Computer Science,Medium,6,0.0
289,116,CS,4,74,0.53,Computer Science,Medium,6,0.0
289,103,CS,4,74,0.53,Economics,Medium,4,0.0
290,116,Math,2,41,0.39,Computer Science,Medium,6,0.0
290,119,Math,2,41,0.39,Physics,Hard,6,0.0
290,102,Math,2,41,0.39,Computer Science,Medium,6,0.5
290,113,Math,2,41,0.39,Computer Science,Medium,6,0.0
290,103,Math,2,41,0.39,Economics,Medium,4,0.0
290,108,Math,2,41,0.39,Math,Hard,6,0.0
290,101,Math,2,41,0.39,Math,Hard,6,0.0
290,123,Math,2,41,0.39,Physics,Hard,6,0.0
291,116,Math,4,86,0.5,Computer Science,Medium,6,1.0
291,117,Math,4,86,0.5,Physics,Hard,6,0.5
291,118,Math,4,86,0.5,Physics,Hard,6,0.5
292,103,CS,1,81,0.66,Economics,Medium,4,0.0
292,116,CS,1,81,0.66,Computer Science,Medium,6,0.0
292,113,CS,1,81,0.66,Computer Science,Medium,6,0.5
292,102,CS,1,81,0.66,Computer Science,Medium,6,0.0
292,112,CS,1,81,0.66,Math,Hard,6,0.0
292,111,CS,1,81,0.66,Computer Science,Medium,6,0.0
293,105,History,3,88,0.62,History,Easy,4,0.5
293,106,History,3,88,0.62,History,Easy,4,1.0
293,107,History,3,88,0.62,History,Easy,4,1.0
293,115,History,3,88,0.62,History,Easy,4,1.0
293,109,History,3,88,0.62,Philosophy,Easy,4,1.0
293,121,History,3,88,0.62,History,Easy,4,0.5
294,114,Physics,1,69,0.59,Physics,Hard,6,0.0
294,118,Physics,1,69,0.59,Physics,Hard,6,0.0
294,101,Physics,1,69,0.59,Math,Hard,6,0.0
294,108,Physics,1,69,0.59,Math,Hard,6,0.0
294,123,Physics,1,69,0.59,Physics,Hard,6,0.0
294,119,Physics,1,69,0.59,Physics,Hard,6,0.0
294,117,Physics,1,69,0.59,Physics,Hard,6,0.0
295,114,Physics,1,69,0.45,Physics,Hard,6,0.0
295,103,Physics,1,69,0.45,Economics,Medium,4,0.0
295,119,Physics,1,69,0.45,Physics,Hard,6,0.0
296,119,Physics,1,84,0.22,Physics,Hard,6,0.0
296,108,Physics,1,84,0.22,Math,Hard,6,0.0
296,114,Physics,1,84,0.22,Physics,Hard,6,0.0
296,118,Physics,1,84,0.22,Physics,Hard,6,0.5
296,103,Physics,1,84,0.22,Economics,Medium,4,0.0
296,101,Physics,1,84,0.22,Math,Hard,6,0.0
296,123,Physics,1,84,0.22,Physics,Hard,6,0.0
297,123,Physics,2,76,0.42,Physics,Hard,6,0.0
297,117,Physics,2,76,0.42,Physics,Hard,6,0.0
297,103,Physics,2,76,0.42,Economics,Medium,4,0.0
298,110,History,4,95,0.64,History,Easy,4,1.0
298,121,History,4,95,0.64,History,Easy,4,1.0
298,120,History,4,95,0.64,Philosophy,Easy,4,1.0
298,106,History,4,95,0.64,History,Easy,4,1.0
299,112,Math,2,67,0.77,Math,Hard,6,0.0
299,119,Math,2,67,0.77,Physics,Hard,6,0.0
299,102,Math,2,67,0.77,Computer Science,Medium,6,0.0
300,116,CS,2,97,0.21,Computer Science,Medium,6,0.5
300,101,CS,2,97,0.21,Math,Hard,6,0.5
300,103,CS,2,97,0.21,Economics,Medium,4,1.0
300,112,CS,2,97,0.21,Math,Hard,6,0.5
300,108,CS,2,97,0.21,Math,Hard,6,0.0
